,Brand Name,Model Number,Size,Manufacturing Countries,Comparative Energy Consumption,Star Rating,Appliance Type,EcoLife Rating
0,ASUS,VE248***,24.0 LCD (LED),China,88,4.5,Computer Monitor,Low
1,ASUS,VE248,24.0 LCD (LED),China,88,4.5,Computer Monitor,Low
2,ASUS,VE248HR,24.0 LCD (LED),China,88,4.5,Computer Monitor,Low
3,ASUS,VE248Q,24.0 LCD (LED),China,88,4.5,Computer Monitor,Low
4,ASUS,VE248T,24.0 LCD (LED),China,88,4.5,Computer Monitor,Low
5,ASUS,VE248TLB,24.0 LCD (LED),China,88,4.5,Computer Monitor,Low
6,ASUS,VK228***,22.0 LCD (LED),China,67,5.5,Computer Monitor,Low
7,ASUS,VK228,22.0 LCD (LED),China,67,5.5,Computer Monitor,Low
8,ASUS,VK228H-,22.0 LCD (LED),China,67,5.5,Computer Monitor,Low
9,ASUS,VK228T,22.0 LCD (LED),China,67,5.5,Computer Monitor,Low
10,AOC,250LM00001,25.0 LCD (LED),China,125,3,Computer Monitor,Medium
11,AOC,340LM00001,34.0 LCD (LED),China,260,1.5,Computer Monitor,High
12,FUJITSU,DY23T-7,23.0 LCD (LED),Germany,68,5.5,Computer Monitor,Low
13,FUJITSU,DY24W-7,24.0 LCD (LED),Germany,66,6,Computer Monitor,Low
14,NEC,AS224WMi,22.0 LCD (LED),China,63,5.5,Computer Monitor,Low
15,LG,22MB35PU,22.0 LCD,"China,South Korea,Indonesia",80,5,Computer Monitor,Low
16,LG,27MP35HA,27.0 LCD,"China,South Korea,Indonesia",110,4.5,Computer Monitor,Medium
17,DELL,S2415Hb,24.0 LCD,China,62,6,Computer Monitor,Low
18,DELL,E2015HVf,19.0 LCD,China,54,5.5,Computer Monitor,Low
19,DELL,E2215HVf,22.0 LCD,China,77,4.5,Computer Monitor,Low
20,DELL,E2715Hf,27.0 LCD,China,76,6,Computer Monitor,Low
21,LG,23MB35PMF,23.0 LCD,"China,South Korea,Indonesia",83,4.5,Computer Monitor,Low
22,LG,29UB55D,29.0 LCD,"China,South Korea,Indonesia",118,4,Computer Monitor,Medium
23,AOC,270LM00009,27.0 LCD (LED),China,165,2.5,Computer Monitor,Medium
24,SAMSUNG,S24D300B,24.0 LCD (LED),South Korea,87,5,Computer Monitor,Low
25,VIEWSONIC,VS15843,19.0 LCD,China,64,5,Computer Monitor,Low
26,LG,17MB15PA,17.0 LCD,"Indonesia,South Korea,China",54,5.5,Computer Monitor,Low
27,LG,25UM55D,25.0 LCD,"China,Indonesia,South Korea",107,3.5,Computer Monitor,Medium
28,LG,29UM55D,29.0 LCD,"China,Indonesia,South Korea",114,4,Computer Monitor,Medium
29,DELL,D2015Hf,20.0 LCD,China,61,5,Computer Monitor,Low
30,HP,STND-5001-A,32.0 LCD (LED),China,170,3.5,Computer Monitor,Medium
31,BENQ,EZ2450L,24.0 LCD (LED),China,92,4.5,Computer Monitor,Low
32,BENQ,EZ2450LC,24.0 LCD (LED),China,92,4.5,Computer Monitor,Low
33,BENQ,EZ2450LE,24.0 LCD (LED),China,92,4.5,Computer Monitor,Low
34,BENQ,EZ2455L,24.0 LCD (LED),China,92,4.5,Computer Monitor,Low
35,BENQ,EZ2455LC,24.0 LCD (LED),China,92,4.5,Computer Monitor,Low
36,BENQ,EZ2455LE,24.0 LCD (LED),China,92,4.5,Computer Monitor,Low
37,PHILIPS,243V5Q,24.0 LCD (LED),China,116,3.5,Computer Monitor,Medium
38,BENQ,XL2420G,24.0 LCD (LED),China,112,3.5,Computer Monitor,Medium
39,BENQ,XL2420GE,24.0 LCD (LED),China,112,3.5,Computer Monitor,Medium
40,LG,24GM77,24.0 LCD (LED),"South Korea,Indonesia,China",105,4,Computer Monitor,Medium
41,BENQ,RL2240HE,22.0 LCD (LED),China,88,4,Computer Monitor,Low
42,BENQ,BL2700HC,27.0 LCD (LED),China,128,4,Computer Monitor,Medium
43,BENQ,BL2700HE,27.0 LCD (LED),China,128,4,Computer Monitor,Medium
44,BENQ,BL2700HT,27.0 LCD (LED),China,128,4,Computer Monitor,Medium
45,LG,19M37D,19.0 LCD,"China,South Korea,Indonesia",54,5.5,Computer Monitor,Low
46,LG,31MU97,31.0 LCD (LED),"China,Indonesia,South Korea",207,2.5,Computer Monitor,High
47,DELL,U2515Hc,25.0 LCD (LED),China,101,4.5,Computer Monitor,Medium
48,PHILIPS,193V5L,19.0 LCD (LED),China,60,5,Computer Monitor,Low
49,LG,34UC97,34.0 LCD (LED),"China,Indonesia,South Korea",222,2.5,Computer Monitor,High
50,DELL,2415Qb,24.0 LCD,China,133,3,Computer Monitor,Medium
51,BENQ,SW2401PE,24.0 LCD (LED),China,115,3.5,Computer Monitor,Medium
53,BENQ,SW2401,24.0 LCD (LED),China,115,3.5,Computer Monitor,Medium
54,BENQ,SW2401PT,24.0 LCD (LED),China,115,3.5,Computer Monitor,Medium
57,DELL,U3415Wb,34.0 LCD,China,179,3.5,Computer Monitor,Medium
58,VIEWSONIC,VS15927,24.0 LCD (LED),China,118,3.5,Computer Monitor,Medium
59,HP,V242,24.0 LCD (LED),China,76,5.5,Computer Monitor,Low
60,HP,STND-5021-A,31.0 LCD (LED),China,284,1.5,Computer Monitor,High
61,HP,Z32s,31.0 LCD (LED),China,284,1.5,Computer Monitor,High
64,BENQ,EW2750ZC,27.0 LCD (LED),China,126,4,Computer Monitor,Medium
65,BENQ,EW2750ZE,27.0 LCD (LED),China,126,4,Computer Monitor,Medium
66,BENQ,EW2750Z,27.0 LCD (LED),China,126,4,Computer Monitor,Medium
67,BENQ,EW2750ZL,27.0 LCD (LED),China,126,4,Computer Monitor,Medium
72,BENQ,EW2750ZM,27.0 LCD (LED),China,126,4,Computer Monitor,Medium
74,SAMSUNG,LS27D590CS,27.0 LCD (LED),South Korea,130,4,Computer Monitor,Medium
75,SAMSUNG,LS27D590CS/XY,27.0 LCD (LED),South Korea,130,4,Computer Monitor,Medium
76,SAMSUNG,LS27D590CS/ZN,27.0 LCD (LED),South Korea,130,4,Computer Monitor,Medium
77,KOGAN,KALED24144A,24.0 LCD (LED),China,50,7,Computer Monitor,Low
78,KOGAN,KALED24144B,24.0 LCD (LED),China,50,7,Computer Monitor,Low
79,KOGAN,KALED24144C,24.0 LCD (LED),China,50,7,Computer Monitor,Low
80,KOGAN,KALED24144D,24.0 LCD (LED),China,50,7,Computer Monitor,Low
81,KOGAN,KALED24144E,24.0 LCD (LED),China,50,7,Computer Monitor,Low
82,KOGAN,KALED24144F,24.0 LCD (LED),China,50,7,Computer Monitor,Low
83,KOGAN,KALED24144G,24.0 LCD (LED),China,50,7,Computer Monitor,Low
84,KOGAN,KALED24144,24.0 LCD (LED),China,50,7,Computer Monitor,Low
85,KOGAN,SYM24E01D,24.0 LCD (LED),China,50,7,Computer Monitor,Low
86,KOGAN,SYM24E02D,24.0 LCD (LED),China,50,7,Computer Monitor,Low
87,KOGAN,SYM24E03D,24.0 LCD (LED),China,50,7,Computer Monitor,Low
88,PHILIPS,231S4Q,23.0 LCD (LED),Netherlands,86,4.5,Computer Monitor,Low
89,GAEMS,M155,16.0 LCD (LED),China,33,7,Computer Monitor,Low
90,LG,20M37D,19.0 LCD,"Indonesia,South Korea,China",55,5.5,Computer Monitor,Low
91,LG,22M37D,22.0 LCD,"Indonesia,South Korea,China",64,5.5,Computer Monitor,Low
92,LG,27MP37HQ,27.0 LCD,"South Korea,Indonesia,China",100,5,Computer Monitor,Medium
93,LG,22MP57HQ,22.0 LCD,"South Korea,Indonesia,China",80,4.5,Computer Monitor,Low
94,LG,23MP57HQ,23.0 LCD,"South Korea,Indonesia,China",75,5,Computer Monitor,Low
95,LG,24MP57VQ,24.0 LCD,"South Korea,Indonesia,China",87,4.5,Computer Monitor,Low
96,LG,27MP57VQ,27.0 LCD,"South Korea,Indonesia,China",108,4.5,Computer Monitor,Medium
97,DELL,2314Hc,23.0 LCD (LED),China,88,4.5,Computer Monitor,Low
98,PHILIPS,247E6E,24.0 LCD (LED),China,98,4,Computer Monitor,Low
99,SAMSUNG,LS27E390,27.0 LCD (LED),South Korea,95,5,Computer Monitor,Low
100,SAMSUNG,LS27E390,27.0 LCD (LED),South Korea,95,5,Computer Monitor,Low
101,SAMSUNG,LS27E390HS,27.0 LCD (LED),South Korea,95,5,Computer Monitor,Low
102,PHILIPS,277E6E,27.0 LCD (LED),China,112,4.5,Computer Monitor,Medium
103,LG,24M47VQ,24.0 LCD,"South Korea,Indonesia,China",84,5,Computer Monitor,Low
104,LG,24MP77HM,24.0 LCD,"South Korea,Indonesia,China",85,5,Computer Monitor,Low
105,LG,27MP77HM,27.0 LCD,"South Korea,Indonesia,China",93,5,Computer Monitor,Low
106,LG,23MP67VQ,23.0 LCD,"South Korea,Indonesia,China",77,5,Computer Monitor,Low
107,LG,24MP57HQ,24.0 LCD,"South Korea,Indonesia,China",87,4.5,Computer Monitor,Low
108,LG,24MP67VQ,24.0 LCD,"South Korea,Indonesia,China",83,5,Computer Monitor,Low
109,LG,27MP37VQ,27.0 LCD,"South Korea,Indonesia,China",100,5,Computer Monitor,Medium
110,LG,27MP57HQ,27.0 LCD,"South Korea,Indonesia,China",108,4.5,Computer Monitor,Medium
111,LG,27MP67VQ,27.0 LCD,"South Korea,Indonesia,China",94,5,Computer Monitor,Low
112,LG,24MB35DE,24.0 LCD,"South Korea,Indonesia,China",93,4.5,Computer Monitor,Low
113,LG,22MB35DE,22.0 LCD,"South Korea,Indonesia,China",79,4.5,Computer Monitor,Low
114,VIEWSONIC,VS16029,22.0 LCD (LED),China,59,6,Computer Monitor,Low
115,LG,34UC87,34.0 LCD (LED),"South Korea,Indonesia,China",222,2.5,Computer Monitor,High
116,FUJITSU,E24T-7 LED,24.0 LCD (LED),China,76,5.5,Computer Monitor,Low
117,AOC,195LM00001,20.0 LCD (LED),China,86,3.5,Computer Monitor,Low
118,VIEWSONIC,VS16033,24.0 LCD (LED),China,62,6,Computer Monitor,Low
119,SAMSUNG,LS24E360HL,24.0 LCD (LED),South Korea,75,5.5,Computer Monitor,Low
120,SAMSUNG,*S24E360**,24.0 LCD (LED),South Korea,75,5.5,Computer Monitor,Low
121,LG,27M47VQ,27.0 LCD,"Indonesia,South Korea,China",102,5,Computer Monitor,Medium
122,LG,23M47VQ,23.0 LCD,"Indonesia,South Korea,China",95,4,Computer Monitor,Low
123,LENOVO,T2224zD,22.0 LCD (LED),China,72,5,Computer Monitor,Low
124,ACER,E2200HQ,22.0 LCD (LED),China,63,5.5,Computer Monitor,Low
125,HP,STND-5031-L,24.0 LCD (LED),China,178,1.5,Computer Monitor,Medium
126,HP,Z24s,24.0 LCD (LED),China,178,1.5,Computer Monitor,Medium
129,LENOVO,T2224pD,22.0 LCD (LED),China,67,5.5,Computer Monitor,Low
130,PHILIPS,200V4Q,20.0 LCD (LED),China,90,3.5,Computer Monitor,Low
131,GAEMS,M240,24.0 LCD (LED),China,110,3.5,Computer Monitor,Medium
132,DELL,2416Db,24.0 LCD,China,90,4.5,Computer Monitor,Low
133,LG,34UC87M,34.0 LCD (LED),"China,Indonesia,South Korea",222,2.5,Computer Monitor,High
134,HP,222va,22.0 LCD (LED),China,68,5,Computer Monitor,Low
135,VIEWSONIC,VS16024,24.0 LCD,China,136,2.5,Computer Monitor,Medium
136,HP,242va,24.0 LCD (LED),China,91,4.5,Computer Monitor,Low
137,BENQ,XL2730,27.0 LCD (LED),China,141,3.5,Computer Monitor,Medium
138,BENQ,XL2730Z,27.0 LCD (LED),China,141,3.5,Computer Monitor,Medium
139,BENQ,XL2730ZE,27.0 LCD (LED),China,141,3.5,Computer Monitor,Medium
143,LG,29UM57,29.0 LCD,"Indonesia,South Korea,China",127,3.5,Computer Monitor,Medium
144,LG,29UB67,29.0 LCD,"Indonesia,South Korea,China",154,3,Computer Monitor,Medium
145,LG,22MB37PU,22.0 LCD,"Indonesia,South Korea,China",78,4.5,Computer Monitor,Low
146,LG,23MP47HQ,23.0 LCD,"Indonesia,South Korea,China",84,4.5,Computer Monitor,Low
147,LG,34UM67,34.0 LCD,"Indonesia,South Korea,China",167,3.5,Computer Monitor,Medium
148,PHILIPS,240V5Q,24.0 LCD (LED),China,101,4,Computer Monitor,Medium
149,SAMSUNG,LS24D300HLR,24.0 LCD (LED),South Korea,99,4,Computer Monitor,Low
150,SAMSUNG,LS27E591CS,27.0 LCD (LED),South Korea,131,3.5,Computer Monitor,Medium
151,SAMSUNG,LS27E510,27.0 LCD (LED),South Korea,137,3.5,Computer Monitor,Medium
152,SAMSUNG,LS27E510CS,27.0 LCD (LED),South Korea,137,3.5,Computer Monitor,Medium
153,SAMSUNG,LS27E510CSX,27.0 LCD (LED),South Korea,137,3.5,Computer Monitor,Medium
154,HP,202va (HSTND-7061-F),20.0 LCD (LED),China,56,5.5,Computer Monitor,Low
156,HP,Spectre 32,32.0 LCD (LED),China,220,2.5,Computer Monitor,High
160,LG,24MP47HQ,24.0 LCD,"South Korea,Indonesia,China",103,4,Computer Monitor,Medium
161,LG,25UM57,25.0 LCD,"South Korea,Indonesia,China",111,3.5,Computer Monitor,Medium
162,LG,29UM67,29.0 LCD,"South Korea,Indonesia,China",147,3,Computer Monitor,Medium
163,LG,34UM57,34.0 LCD,"South Korea,Indonesia,China",167,3.5,Computer Monitor,Medium
164,VIEWSONIC,VS15701,22.0 LCD (LED),China,76,4.5,Computer Monitor,Low
165,SAMSUNG,LU24E590DS,24.0 LCD (LED),South Korea,154,2,Computer Monitor,Medium
166,SAMSUNG,LU24E85KRS,24.0 LCD (LED),South Korea,153,2,Computer Monitor,Medium
167,SAMSUNG,LU28E85KRS,28.0 LCD (LED),South Korea,144,3.5,Computer Monitor,Medium
168,SAMSUNG,LU32E85KRS,31.0 LCD (LED),South Korea,237,2,Computer Monitor,High
169,DELL,2016b,19.0 LCD,China,40,7,Computer Monitor,Low
170,SAMSUNG,LS19E20KBRV,19.0 LCD (LED),South Korea,57,5.5,Computer Monitor,Low
171,SAMSUNG,LS19E45KBRV,19.0 LCD (LED),South Korea,57,5.5,Computer Monitor,Low
172,SAMSUNG,LS19E**KBRV,19.0 LCD (LED),South Korea,57,5.5,Computer Monitor,Low
173,HP,E220t(HSTND-8021-F),22.0 LCD (LED),China,58,6,Computer Monitor,Low
174,HP,E220tm(HSTND-8021-F),22.0 LCD (LED),China,58,6,Computer Monitor,Low
175,SAMSUNG,LS24E510CS/XY,24.0 LCD (LED),China,111,3.5,Computer Monitor,Medium
176,SAMSUNG,LS32E590CS/XY,32.0 LCD (LED),China,163,4,Computer Monitor,Medium
177,DELL,E2016Hb,20.0 LCD,China,40,7,Computer Monitor,Low
178,DELL,E2416Hb,24.0 LCD,China,61,6,Computer Monitor,Low
179,PHILIPS,284E5Q,28.0 LCD (LED),Taiwan,133,4,Computer Monitor,Medium
180,SAMSUNG,LS19E20K,19.0 LCD (LED),South Korea,60,5,Computer Monitor,Low
181,SAMSUNG,LS19E20KBWV,19.0 LCD (LED),South Korea,60,5,Computer Monitor,Low
182,SAMSUNG,LS19E45K,19.0 LCD (LED),South Korea,60,5,Computer Monitor,Low
183,SAMSUNG,LS19E45KBWV,19.0 LCD (LED),South Korea,60,5,Computer Monitor,Low
184,SAMSUNG,LS22E45K,22.0 LCD (LED),South Korea,66,5.5,Computer Monitor,Low
185,SAMSUNG,LS22E45KBWV,22.0 LCD (LED),South Korea,66,5.5,Computer Monitor,Low
186,SAMSUNG,LS22E45KD,22.0 LCD (LED),South Korea,83,4.5,Computer Monitor,Low
187,SAMSUNG,LS22E45KDWV,22.0 LCD (LED),South Korea,83,4.5,Computer Monitor,Low
188,SAMSUNG,LS22E45U,22.0 LCD (LED),South Korea,74,5,Computer Monitor,Low
189,SAMSUNG,LS22E45UDWM,22.0 LCD (LED),South Korea,74,5,Computer Monitor,Low
190,SAMSUNG,LS24E45UF,24.0 LCD (LED),South Korea,100,4,Computer Monitor,Medium
191,SAMSUNG,LS24E45UFSX,24.0 LCD (LED),South Korea,100,4,Computer Monitor,Medium
192,SAMSUNG,LS27E45K,27.0 LCD (LED),South Korea,119,4,Computer Monitor,Medium
193,SAMSUNG,LS27E45KBSV,27.0 LCD (LED),South Korea,119,4,Computer Monitor,Medium
194,SAMSUNG,LS27E45KD,27.0 LCD (LED),South Korea,123,4,Computer Monitor,Medium
195,SAMSUNG,LS27E45KDSV,27.0 LCD (LED),South Korea,123,4,Computer Monitor,Medium
196,ACER,E1900HQ,19.0 LCD (LED),China,46,6,Computer Monitor,Low
197,AOC,236LM00014,24.0 LCD (LED),China,106,4,Computer Monitor,Medium
198,PHILIPS,272P4Q,27.0 LCD (LED),Taiwan,202,1.5,Computer Monitor,High
199,SAMSUNG,LS24E65UDWM,24.0 LCD (LED),South Korea,109,4,Computer Monitor,Medium
200,SAMSUNG,LS24E65KDWV,24.0 LCD (LED),South Korea,109,4,Computer Monitor,Medium
201,SAMSUNG,LS24E65KBWV,24.0 LCD (LED),South Korea,109,4,Computer Monitor,Medium
202,PHILIPS,C272P4Q,27.0 LCD (LED),Taiwan,202,1.5,Computer Monitor,High
203,DELL,E1916Hf,19.0 LCD (LED),China,50,6,Computer Monitor,Low
204,DELL,E1916HVf,19.0 LCD (LED),China,50,6,Computer Monitor,Low
205,DELL,E2016HVf,21.0 LCD (LED),China,50,6,Computer Monitor,Low
206,DELL,E2216Hf,22.0 LCD (LED),China,69,5,Computer Monitor,Low
207,DELL,E2216HVf,22.0 LCD (LED),China,69,5,Computer Monitor,Low
208,DELL,E2316Hf,23.0 LCD (LED),China,71,5.5,Computer Monitor,Low
209,SAMSUNG,LS20D300N,19.0 LCD (LED),South Korea,59,5.5,Computer Monitor,Low
210,KOGAN,KALED27MONSB,27.0 LCD (LED),China,129,4,Computer Monitor,Medium
212,LG,34UC87C,34.0 LCD (LED),"South Korea,Indonesia,China",185,3,Computer Monitor,Medium
215,SAMSUNG,LS23E45KBS,23.0 LCD (LED),South Korea,97,4,Computer Monitor,Low
216,SAMSUNG,LS24E45KDLV,24.0 LCD (LED),South Korea,96,4,Computer Monitor,Low
217,HP,STND-9081-A,31.0 LCD (LED),China,319,1,Computer Monitor,High
218,HP,Z32x,31.0 LCD (LED),China,319,1,Computer Monitor,High
221,DELL,SE2416Hc,24.0 LCD (LED),China,83,5,Computer Monitor,Low
222,BENQ,EW2440ZE,24.0 LCD (LED),China,101,4,Computer Monitor,Medium
223,BENQ,EW2440Z,24.0 LCD (LED),China,101,4,Computer Monitor,Medium
226,BENQ,BL2420PE,24.0 LCD (LED),China,126,3,Computer Monitor,Medium
227,BENQ,BL2420,24.0 LCD (LED),China,126,3,Computer Monitor,Medium
228,BENQ,BL2420PT,24.0 LCD (LED),China,126,3,Computer Monitor,Medium
229,BENQ,BL2420-T,24.0 LCD (LED),China,126,3,Computer Monitor,Medium
234,ACER,T232HL,23.0 LCD (LED),China,99,4,Computer Monitor,Low
235,ACER,T272HL,27.0 LCD (LED),China,149,3,Computer Monitor,Medium
236,ACER,B276HL,27.0 LCD (LED),China,155,3,Computer Monitor,Medium
237,ACER,B296CL,29.0 LCD (LED),China,188,2,Computer Monitor,Medium
238,LG,22MP47HQ,22.0 LCD,"Indonesia,South Korea,China",86,4,Computer Monitor,Low
239,VIEWSONIC,VS16073,25.0 LCD (LED),China,81,5.5,Computer Monitor,Low
240,DELL,SE2216Hf,22.0 LCD (LED),China,67,5.5,Computer Monitor,Low
241,DELL,SE2216HVf,22.0 LCD (LED),China,67,5.5,Computer Monitor,Low
242,LG,34UM95C,34.0 LCD (LED),"China,Indonesia,South Korea",196,3,Computer Monitor,Medium
243,HP,E240,24.0 LCD (LED),China,86,5,Computer Monitor,Low
244,HP,E242,24.0 LCD (LED),China,106,4,Computer Monitor,Medium
245,HP,E242,24.0 LCD (LED),China,106,4,Computer Monitor,Medium
246,HP,STND-9031-A,24.0 LCD (LED),China,106,4,Computer Monitor,Medium
248,AOC,270LM00004,27.0 LCD (LED),China,150,3,Computer Monitor,Medium
249,HP,STND-9101-A,21.0 LCD (LED),China,86,4,Computer Monitor,Low
250,LENOVO,T2054F,21.0 LCD (LED),China,49,6,Computer Monitor,Low
251,PHILIPS,271P4Q,27.0 LCD (LED),Taiwan,174,2.5,Computer Monitor,Medium
252,AOC,236LM00006,24.0 LCD (LED),Taiwan,105,4,Computer Monitor,Medium
253,ASUS,VP278*,27.0 LCD (LED),China,129,4,Computer Monitor,Medium
254,ASUS,VP278,27.0 LCD (LED),China,129,4,Computer Monitor,Medium
255,ASUS,VP278Q,27.0 LCD (LED),China,129,4,Computer Monitor,Medium
256,DELL,S2316Hb,23.0 LCD,China,74,5,Computer Monitor,Low
257,DELL,S2316,23.0 LCD (LED),China,74,5,Computer Monitor,Low
259,DELL,S2316M,23.0 LCD (LED),China,74,5,Computer Monitor,Low
262,HP,E240e,24.0 LCD (LED),China,79,5,Computer Monitor,Low
265,DELL,S2216,22.0 LCD (LED),China,67,5.5,Computer Monitor,Low
267,DELL,S2216M,22.0 LCD (LED),China,67,5.5,Computer Monitor,Low
269,ASUS,VS229***,22.0 LCD (LED),China,82,4.5,Computer Monitor,Low
270,ASUS,VS229DA,22.0 LCD (LED),China,82,4.5,Computer Monitor,Low
271,ASUS,VS229DA-W,22.0 LCD (LED),China,82,4.5,Computer Monitor,Low
272,ASUS,VS229HA,22.0 LCD (LED),China,82,4.5,Computer Monitor,Low
273,ASUS,VS229HA-W,22.0 LCD (LED),China,82,4.5,Computer Monitor,Low
274,ASUS,VS229NA,22.0 LCD (LED),China,82,4.5,Computer Monitor,Low
275,ASUS,VS229NA-W,22.0 LCD (LED),China,82,4.5,Computer Monitor,Low
276,BENQ,GW2470,24.0 LCD (LED),China,100,4,Computer Monitor,Medium
277,BENQ,GW2470HE,24.0 LCD (LED),China,100,4,Computer Monitor,Medium
280,BENQ,GW2870,28.0 LCD (LED),China,125,4,Computer Monitor,Medium
281,BENQ,GW2870HE,28.0 LCD (LED),China,125,4,Computer Monitor,Medium
284,LG,27MU67,27.0 LCD (LED),"China,Indonesia,South Korea",120,4,Computer Monitor,Medium
285,SAMSUNG,LS22E45UFSX,21.0 LCD (LED),South Korea,87,4,Computer Monitor,Low
286,LG,29UC97C,29.0 LCD (LED),"China,Indonesia,South Korea",103,4.5,Computer Monitor,Medium
287,SAMSUNG,S24E650C,24.0 LCD (LED),South Korea,115,3.5,Computer Monitor,Medium
288,SAMSUNG,S27E650C,27.0 LCD (LED),South Korea,115,4.5,Computer Monitor,Medium
293,BENQ,GW2270,22.0 LCD (LED),China,84,4.5,Computer Monitor,Low
294,BENQ,GW2270E,22.0 LCD (LED),China,84,4.5,Computer Monitor,Low
296,BENQ,GW2270,22.0 LCD (LED),China,84,4.5,Computer Monitor,Low
298,BENQ,GW2270HE,22.0 LCD (LED),China,84,4.5,Computer Monitor,Low
301,HP,E232,23.0 LCD (LED),China,72,5.5,Computer Monitor,Low
302,ASUS,MG278***,27.0 LCD (LED),China,180,2.5,Computer Monitor,Medium
303,ASUS,MG278Q,27.0 LCD (LED),China,180,2.5,Computer Monitor,Medium
304,ASUS,MG278QE,27.0 LCD (LED),China,180,2.5,Computer Monitor,Medium
305,ASUS,MG278Q-J,27.0 LCD (LED),China,180,2.5,Computer Monitor,Medium
306,ASUS,MG278Q-,27.0 LCD (LED),China,180,2.5,Computer Monitor,Medium
307,ASUS,MG278QR,27.0 LCD (LED),China,180,2.5,Computer Monitor,Medium
308,HP,STND-8071-Q (E222),22.0 LCD (LED),China,75,5,Computer Monitor,Low
309,ASUS,VC239***,23.0 LCD (LED),China,89,4.5,Computer Monitor,Low
310,ASUS,VC239,23.0 LCD (LED),China,89,4.5,Computer Monitor,Low
311,ASUS,VC239HE,23.0 LCD (LED),China,89,4.5,Computer Monitor,Low
312,ASUS,VC239H-,23.0 LCD (LED),China,89,4.5,Computer Monitor,Low
313,ASUS,VC239HR,23.0 LCD (LED),China,89,4.5,Computer Monitor,Low
314,ASUS,VC239H-W,23.0 LCD (LED),China,89,4.5,Computer Monitor,Low
315,ASUS,VC239N,23.0 LCD (LED),China,89,4.5,Computer Monitor,Low
316,ASUS,VC239N-W,23.0 LCD (LED),China,89,4.5,Computer Monitor,Low
317,LG,29UC97,29.0 LCD (LED),"South Korea,Indonesia,China",108,4.5,Computer Monitor,Medium
318,PHILIPS,203V5L,19.0 LCD (LED),Taiwan,79,4,Computer Monitor,Low
319,HP,E240c,24.0 LCD (LED),China,72,5.5,Computer Monitor,Low
320,ASUS,VP239***,23.0 LCD (LED),China,103,4,Computer Monitor,Medium
321,ASUS,VP239,23.0 LCD (LED),China,103,4,Computer Monitor,Medium
322,ASUS,VP239H-,23.0 LCD (LED),China,103,4,Computer Monitor,Medium
323,ASUS,VP239HR,23.0 LCD (LED),China,103,4,Computer Monitor,Medium
324,ASUS,VP239H-W,23.0 LCD (LED),China,103,4,Computer Monitor,Medium
325,ASUS,VP239N,23.0 LCD (LED),China,103,4,Computer Monitor,Medium
326,ASUS,VP239N-W,23.0 LCD (LED),China,103,4,Computer Monitor,Medium
327,ASUS,VP239Q,23.0 LCD (LED),China,103,4,Computer Monitor,Medium
328,AOC,270LM00014,27.0 LCD (LED),China,190,2,Computer Monitor,Medium
329,PHILIPS,243V5L,24.0 LCD (LED),Taiwan,105,4,Computer Monitor,Medium
330,SAMSUNG,S24E370DL,24.0 LCD (LED),China,86,5,Computer Monitor,Low
331,SAMSUNG,S27E370D,27.0 LCD (LED),China,104,4.5,Computer Monitor,Medium
332,HP,STND-3431-A,17.0 LCD (LED),China,86,3.5,Computer Monitor,Low
333,HP,L6017tm,17.0 LCD (LED),China,86,3.5,Computer Monitor,Low
336,AOC,280LM00002,28.0 LCD (LED),China,150,3.5,Computer Monitor,Medium
337,LENOVO,LT2024wA,20.0 LCD (LED),China,63,5,Computer Monitor,Low
338,HP,V241p,24.0 LCD (LED),China,85,5,Computer Monitor,Low
339,HP,LE1711,17.0 LCD (LED),China,63,4.5,Computer Monitor,Low
340,DICK SMITH,XC9441,24.0 LCD (LED),China,72,5.5,Computer Monitor,Low
341,DELL,S2716DGb,27.0 LCD,China,137,3.5,Computer Monitor,Medium
342,DICK SMITH,XC9440,22.0 LCD (LED),China,79,4.5,Computer Monitor,Low
343,PHILIPS,C240P4Q,26.0 LCD (LED),Taiwan,116,4,Computer Monitor,Medium
344,VIEWSONIC,VS16261,22.0 LCD,China,77,4.5,Computer Monitor,Low
345,PHILIPS,227E6L,22.0 LCD (LED),Taiwan,85,4,Computer Monitor,Low
346,HP,E202,20.0 LCD (LED),China,59,5.5,Computer Monitor,Low
347,HP,E240q,24.0 LCD (LED),China,114,3.5,Computer Monitor,Medium
348,LG,19M38D,19.0 LCD,"South Korea,China,Indonesia",54,5.5,Computer Monitor,Low
349,AOC,240LM00016,24.0 LCD (LED),China,95,4.5,Computer Monitor,Low
350,VIEWSONIC,VS16263,24.0 LCD,China,87,4.5,Computer Monitor,Low
351,HP,240va,24.0 LCD (LED),China,78,5,Computer Monitor,Low
352,AOC,270LM00019,27.0 LCD (LED),China,131,3.5,Computer Monitor,Medium
353,PHILIPS,216V6L,21.0 LCD (LED),China,102,3,Computer Monitor,Medium
354,AOC,230LM00032,23.0 LCD (LED),China,105,3.5,Computer Monitor,Medium
355,LG,34UB67,34.0 LCD,"Indonesia,China,South Korea",167,3.5,Computer Monitor,Medium
356,PHILIPS,241P6V,24.0 LCD (LED),China,184,1.5,Computer Monitor,Medium
357,FUJITSU,DY22T-7,22.0 LCD (LED),Germany,75,5,Computer Monitor,Low
358,PHILIPS,BDM3490,34.0 LCD (LED),China,271,1.5,Computer Monitor,High
359,DELL,SE2417HG,24.0 LCD (LED),China,75,5.5,Computer Monitor,Low
360,DELL,SE2417HGc,24.0 LCD (LED),China,75,5.5,Computer Monitor,Low
363,FUJITSU,B22T-7,22.0 LCD (LED),Germany,82,4.5,Computer Monitor,Low
366,HP,STND-9010-L,20.0 LCD (LED),China,61,5.5,Computer Monitor,Low
368,BENQ,EW2775ZE,27.0 LCD (LED),China,122,4,Computer Monitor,Medium
369,BENQ,EW2775Z,27.0 LCD (LED),China,122,4,Computer Monitor,Medium
370,BENQ,EW2775ZH; EW2775ZE,27.0 LCD (LED),China,122,4,Computer Monitor,Medium
371,DICK SMITH,XC9442,27.0 LCD (LED),China,115,4.5,Computer Monitor,Medium
372,TECHVIEW,QM-3578,17.0 LCD,China,48,6,Computer Monitor,Low
373,LG,20M38D,19.0 LCD,"Indonesia,South Korea,China",61,5,Computer Monitor,Low
374,LG,22M38A,22.0 LCD,"Indonesia,South Korea,China",72,5,Computer Monitor,Low
375,LG,24MP88HM,24.0 LCD,"Indonesia,South Korea,China",85,5,Computer Monitor,Low
376,LG,24MP48HQ,24.0 LCD,"Indonesia,South Korea,China",103,4,Computer Monitor,Medium
377,LG,27UD68,27.0 LCD,"Indonesia,South Korea,China",110,4.5,Computer Monitor,Medium
378,HP,19ka,19.0 LCD (LED),China,56,5.5,Computer Monitor,Low
379,HP,STND-9141-A,19.0 LCD (LED),China,56,5.5,Computer Monitor,Low
380,COMPAQ,B191,19.0 LCD (LED),China,56,5.5,Computer Monitor,Low
384,PHILIPS,226V6Q,22.0 LCD (LED),China,98,3.5,Computer Monitor,Low
385,SAMSUNG,S22E450B,23.0 LCD (LED),South Korea,82,4.5,Computer Monitor,Low
386,SAMSUNG,S24E450B,24.0 LCD (LED),South Korea,88,4.5,Computer Monitor,Low
387,LG,22M38D,22.0 LCD,"Indonesia,South Korea,China",72,5,Computer Monitor,Low
388,LG,34UM58,34.0 LCD,"Indonesia,South Korea,China",119,5,Computer Monitor,Medium
389,LG,29UM68,29.0 LCD,"Indonesia,South Korea,China",116,4,Computer Monitor,Medium
390,LG,24MP88HV,24.0 LCD,"Indonesia,South Korea,China",85,5,Computer Monitor,Low
391,LG,25UM58,25.0 LCD,"Indonesia,South Korea,China",94,4,Computer Monitor,Low
392,DELL,U2417HWib,24.0 LCD,China,66,6,Computer Monitor,Low
393,DELL,S2317HWib,23.0 LCD,China,62,6,Computer Monitor,Low
394,HP,23er Display (HSTND-9151-N),23.0 LCD (LED),Taiwan,70,5.5,Computer Monitor,Low
395,HP,23es Display (HSTND-9151-N),23.0 LCD (LED),Taiwan,70,5.5,Computer Monitor,Low
398,HP,27ea Display (HSTND-9181-N),27.0 LCD (LED),Taiwan,88,5.5,Computer Monitor,Low
399,HP,27eb Display (HSTND-9181-N),27.0 LCD (LED),Taiwan,88,5.5,Computer Monitor,Low
400,HP,27ec Display (HSTND-9181-N),27.0 LCD (LED),Taiwan,88,5.5,Computer Monitor,Low
401,HP,27er Display (HSTND-9181-N),27.0 LCD (LED),Taiwan,88,5.5,Computer Monitor,Low
403,HP,27es Display (HSTND-9181-N),27.0 LCD (LED),Taiwan,88,5.5,Computer Monitor,Low
408,FUJITSU,B24-8T,24.0 LCD (LED),Germany,85,5,Computer Monitor,Low
409,BENQ,GC2870,28.0 LCD (LED),China,140,3.5,Computer Monitor,Medium
410,BENQ,GC2870HE,28.0 LCD (LED),China,140,3.5,Computer Monitor,Medium
413,LG,29UC88,29.0 LCD,"Indonesia,South Korea,China",118,4,Computer Monitor,Medium
414,LG,22MP48HQ,22.0 LCD,"Indonesia,South Korea,China",85,4,Computer Monitor,Low
415,LG,23MP48HQ,23.0 LCD,"Indonesia,South Korea,China",83,4.5,Computer Monitor,Low
416,LG,27MP38VQ,27.0 LCD,"Indonesia,South Korea,China",83,5.5,Computer Monitor,Low
417,LG,22MP58VQ,22.0 LCD,"Indonesia,South Korea,China",76,4.5,Computer Monitor,Low
418,LG,24MP58VQ,24.0 LCD,"Indonesia,South Korea,China",89,4.5,Computer Monitor,Low
419,LG,27MP58VQ,27.0 LCD,"Indonesia,South Korea,China",101,5,Computer Monitor,Medium
420,LG,32MP58HQ,32.0 LCD,"Indonesia,South Korea,China",128,5,Computer Monitor,Medium
421,AOC,185LM00021,19.0 LCD (LED),China,52,5.5,Computer Monitor,Low
422,HP,20kd,19.0 LCD (LED),China,68,5,Computer Monitor,Low
424,HP,V203p,19.0 LCD (LED),China,68,5,Computer Monitor,Low
425,HP,STND-9191-L,19.0 LCD (LED),China,68,5,Computer Monitor,Low
428,COMPAQ,B201,19.0 LCD (LED),China,68,5,Computer Monitor,Low
432,LENOVO,X1A,27.0 LCD (LED),China,180,2.5,Computer Monitor,Medium
433,LG,34UM68,34.0 LCD,"Indonesia,South Korea,China",143,4.5,Computer Monitor,Medium
434,PHILIPS,227E7Q,22.0 LCD (LED),China,99,3.5,Computer Monitor,Low
435,PHILIPS,237E7Q,23.0 LCD (LED),China,106,3.5,Computer Monitor,Medium
436,PHILIPS,BDM4350,43.0 LCD,China,432,2,Computer Monitor,High
437,AOC,215LM00063,22.0 LCD (LED),China,77,4.5,Computer Monitor,Low
438,PHILIPS,206V6Q,19.0 LCD,China,70,4.5,Computer Monitor,Low
439,HP,STND-9211-A,14.0 LCD,China,31,6,Computer Monitor,Low
440,HP,L7014,14.0 LCD,China,31,6,Computer Monitor,Low
441,HP,L7014t,14.0 LCD,China,31,6,Computer Monitor,Low
445,HP,STND-9221-A,10.0 LCD,China,28,6,Computer Monitor,Low
446,HP,L7010t,10.0 LCD,China,28,6,Computer Monitor,Low
449,LG,27UD88,27.0 LCD,"Indonesia,South Korea,China",137,3.5,Computer Monitor,Medium
450,HP,V194,19.0 LCD (LED),China,47,6,Computer Monitor,Low
451,VIEWSONIC,VS16208,27.0 LCD (LED),China,76,6,Computer Monitor,Low
452,PHILIPS,272S4,27.0 LCD,China,205,1.5,Computer Monitor,High
453,ASUS,MG248***,24.0 LCD (LED),China,97,4.5,Computer Monitor,Low
454,ASUS,MG248Q,24.0 LCD (LED),China,97,4.5,Computer Monitor,Low
455,ASUS,MG248Q-CW,24.0 LCD (LED),China,97,4.5,Computer Monitor,Low
456,ASUS,MG248QE,24.0 LCD (LED),China,97,4.5,Computer Monitor,Low
457,ASUS,MG248QE-J,24.0 LCD (LED),China,97,4.5,Computer Monitor,Low
458,ASUS,MG248QE-,24.0 LCD (LED),China,97,4.5,Computer Monitor,Low
459,ASUS,MG248Q-J,24.0 LCD (LED),China,97,4.5,Computer Monitor,Low
460,ASUS,MG248Q-,24.0 LCD (LED),China,97,4.5,Computer Monitor,Low
461,ASUS,MG248QR,24.0 LCD (LED),China,97,4.5,Computer Monitor,Low
462,ASUS,MG248QR-J,24.0 LCD (LED),China,97,4.5,Computer Monitor,Low
463,ASUS,MG248QR-,24.0 LCD (LED),China,97,4.5,Computer Monitor,Low
464,KOGAN,J275DBLW01K,27.0 LCD,China,144,3.5,Computer Monitor,Medium
465,KOGAN,KALED27MONC,27.0 LCD,China,144,3.5,Computer Monitor,Medium
468,ASUS,B277***,27.0 LCD (LED),China,180,2.5,Computer Monitor,Medium
469,ASUS,B277AQ,27.0 LCD (LED),China,180,2.5,Computer Monitor,Medium
470,ASUS,B277,27.0 LCD (LED),China,180,2.5,Computer Monitor,Medium
471,ASUS,B277N,27.0 LCD (LED),China,180,2.5,Computer Monitor,Medium
472,ASUS,B277NA,27.0 LCD (LED),China,180,2.5,Computer Monitor,Medium
473,ASUS,B277Q,27.0 LCD (LED),China,180,2.5,Computer Monitor,Medium
474,ASUS,B277QE,27.0 LCD (LED),China,180,2.5,Computer Monitor,Medium
475,ASUS,B277QJ,27.0 LCD (LED),China,180,2.5,Computer Monitor,Medium
476,ASUS,B277QLE,27.0 LCD (LED),China,180,2.5,Computer Monitor,Medium
477,ASUS,B277T,27.0 LCD (LED),China,180,2.5,Computer Monitor,Medium
478,ASUS,B277UQ,27.0 LCD (LED),China,180,2.5,Computer Monitor,Medium
479,ASUS,VT168***,16.0 LCD (LED),China,30,7,Computer Monitor,Low
480,ASUS,VT168DE,16.0 LCD (LED),China,30,7,Computer Monitor,Low
481,ASUS,VT168D-,16.0 LCD (LED),China,30,7,Computer Monitor,Low
482,ASUS,VT168,16.0 LCD (LED),China,30,7,Computer Monitor,Low
483,ASUS,VT168H-,16.0 LCD (LED),China,30,7,Computer Monitor,Low
484,ASUS,VT168HR,16.0 LCD (LED),China,30,7,Computer Monitor,Low
485,ASUS,VT168N,16.0 LCD (LED),China,30,7,Computer Monitor,Low
486,ASUS,VT168NE,16.0 LCD (LED),China,30,7,Computer Monitor,Low
487,ASUS,VT168N-,16.0 LCD (LED),China,30,7,Computer Monitor,Low
488,ASUS,VT168T,16.0 LCD (LED),China,30,7,Computer Monitor,Low
489,AOC,190LM00019,19.0 LCD (LED),China,62,5,Computer Monitor,Low
490,LENOVO,TIO22D,22.0 LCD (LED),China,59,6,Computer Monitor,Low
491,LG,24M38,24.0 LCD,"Indonesia,South Korea,China",75,5.5,Computer Monitor,Low
492,LG,24MB37PY,24.0 LCD,"Indonesia,South Korea,China",80,5,Computer Monitor,Low
493,LG,27MP48HQ,27.0 LCD,"Indonesia,South Korea,China",94,5,Computer Monitor,Low
494,SAMSUNG,C27F591FDE,27.0 LCD (LED),Malaysia,133,3.5,Computer Monitor,Medium
495,HP,V243,24.0 LCD (LED),China,76,5.5,Computer Monitor,Low
496,AOC,236LM00031,24.0 LCD,China,92,4.5,Computer Monitor,Low
497,DELL,1917Sc,19.0 LCD (LED),China,50,6,Computer Monitor,Low
498,DELL,2017Hc,19.0 LCD (LED),China,52,6,Computer Monitor,Low
499,DELL,2217c,22.0 LCD (LED),China,62,6,Computer Monitor,Low
500,PHILIPS,BDM3201F,32.0 LCD,China,210,2.5,Computer Monitor,High
501,LENOVO,LI2224A,22.0 LCD (LED),China,79,4.5,Computer Monitor,Low
502,DELL,2217Hb,22.0 LCD,China,54,6,Computer Monitor,Low
503,DELL,2417Hb,24.0 LCD,China,71,5.5,Computer Monitor,Low
504,HP,STND-9271-A,16.0 LCD,China,50,5,Computer Monitor,Low
505,HP,L7016t,16.0 LCD,China,50,5,Computer Monitor,Low
508,DELL,2717Ht,27.0 LCD,China,62,7,Computer Monitor,Low
509,DELL,2317Hb,23.0 LCD,China,54,6,Computer Monitor,Low
511,DELL,2317HWHb,23.0 LCD,China,54,6,Computer Monitor,Low
513,DELL,2317Ht,23.0 LCD,China,54,6,Computer Monitor,Low
514,DELL,2217t,22.0 LCD,China,62,6,Computer Monitor,Low
515,FUJITSU,E24T-7 Pro LED,27.0 LCD (LED),China,80,6,Computer Monitor,Low
516,AOC,238LM00008,24.0 LCD (LED),China,95,4.5,Computer Monitor,Low
517,KOGAN,KALED24MONCA,24.0 LCD (LED),China,70,5.5,Computer Monitor,Low
518,LG,23MP68VQ,23.0 LCD,"South Korea,Indonesia,China",61,6,Computer Monitor,Low
519,LG,24MP68VQ,24.0 LCD,"Indonesia,South Korea,China",73,5.5,Computer Monitor,Low
520,LG,27MP68VQ,27.0 LCD,"Indonesia,South Korea,China",86,5.5,Computer Monitor,Low
521,SAMSUNG,LC32F391FWEXXY,32.0 LCD (LED),South Korea,112,5.5,Computer Monitor,Medium
522,SAMSUNG,LS19F350HNEXXY,19.0 LCD (LED),China,60,5,Computer Monitor,Low
523,LENOVO,T2324C,23.0 LCD,China,50,7,Computer Monitor,Low
524,LENOVO,T2324dC,23.0 LCD,China,56,6,Computer Monitor,Low
525,LENOVO,LI2224F,22.0 LCD (LED),China,61,5.5,Computer Monitor,Low
526,LENOVO,T2224sF,22.0 LCD (LED),China,61,5.5,Computer Monitor,Low
527,LENOVO,Y27fA,27.0 LCD,China,115,4.5,Computer Monitor,Medium
528,LENOVO,Y27gA,27.0 LCD,China,142,3.5,Computer Monitor,Medium
529,LENOVO,T2364tA,23.0 LCD,China,108,3.5,Computer Monitor,Medium
530,LENOVO,T2364pA,23.0 LCD,China,78,5,Computer Monitor,Low
531,DELL,E2417Hb,24.0 LCD (LED),China,60,6,Computer Monitor,Low
532,LENOVO,L2364A,23.0 LCD,China,66,6,Computer Monitor,Low
533,ALTIUS,NA215M-0516,22.0 LCD (LED),China,73,5,Computer Monitor,Low
534,LENOVO,L2264A,21.0 LCD,China,65,5.5,Computer Monitor,Low
535,HP,V244h,24.0 LCD (LED),China,84,5,Computer Monitor,Low
536,LENOVO,T2224rF,22.0 LCD (LED),China,63,5.5,Computer Monitor,Low
537,VIEWSONIC,VS16422,24.0 LCD (LED),China,97,4,Computer Monitor,Low
538,VIEWSONIC,VS16420,22.0 LCD (LED),China,93,4,Computer Monitor,Low
539,LENOVO,LI2215sD,22.0 LCD (LED),China,49,6,Computer Monitor,Low
540,LG,29UM58,29.0 LCD,"South Korea,Indonesia,China",106,4.5,Computer Monitor,Medium
541,VIEWSONIC,VS16387,27.0 LCD (LED),China,82,6,Computer Monitor,Low
542,HP,STND-9261-L,23.0 LCD (LED),China,168,1.5,Computer Monitor,Medium
544,HP,S240uj,23.0 LCD (LED),China,168,1.5,Computer Monitor,Medium
546,SAMSUNG,LC22F390FHEXXY,22.0 LCD (LED),South Korea,76,5,Computer Monitor,Low
547,VIEWSONIC,VS16381,22.0 LCD (LED),China,66,5.5,Computer Monitor,Low
548,VIEWSONIC,VS16384,23.0 LCD (LED),China,70,5.5,Computer Monitor,Low
549,DELL,2317Hf,23.0 LCD (LED),China,54,6,Computer Monitor,Low
550,AOC,270LM00016,27.0 LCD,China,121,4,Computer Monitor,Medium
551,LENOVO,T2224rA,22.0 LCD,China,67,5.5,Computer Monitor,Low
553,LENOVO,LS2224A,22.0 LCD,China,64,5.5,Computer Monitor,Low
554,LENOVO,T2224dA,22.0 LCD,China,78,4.5,Computer Monitor,Low
555,DELL,SE2717Hc,27.0 LCD (LED),China,86,5.5,Computer Monitor,Low
556,LENOVO,TIO24D,24.0 LCD (LED),China,59,6,Computer Monitor,Low
557,BENQ,BL2405PE,24.0 LCD,China,89,4.5,Computer Monitor,Low
558,BENQ,BL2405PT,24.0 LCD,China,89,4.5,Computer Monitor,Low
559,BENQ,GL2450-T,24.0 LCD,China,89,4.5,Computer Monitor,Low
560,DELL,S2417DGb,24.0 LCD (LED),China,93,4.5,Computer Monitor,Low
561,PHILIPS,236V6Q,23.0 LCD,China,75,5,Computer Monitor,Low
562,VIEWSONIC,VS16510,24.0 LCD (LED),China,59,6,Computer Monitor,Low
563,LENOVO,X24ProA,24.0 LCD,China,86,5,Computer Monitor,Low
564,HP,STND-9331-A,32.0 LCD (LED),China,147,4.5,Computer Monitor,Medium
565,HP,V320,32.0 LCD (LED),China,147,4.5,Computer Monitor,Medium
568,HP,24o,24.0 LCD (LED),China,76,5.5,Computer Monitor,Low
569,LENOVO,T2214sA,22.0 LCD,China,67,5.5,Computer Monitor,Low
570,PHILIPS,323E7Q,31.0 LCD,China,168,3.5,Computer Monitor,Medium
571,VIEWSONIC,VS16523,24.0 LCD (LED),China,84,5,Computer Monitor,Low
572,DELL,2417Hc,24.0 LCD (LED),China,71,5.5,Computer Monitor,Low
573,VIEWSONIC,VS16398,23.0 LCD,China,68,5.5,Computer Monitor,Low
574,DELL,2217Hc,22.0 LCD (LED),China,54,6,Computer Monitor,Low
575,BENQ,GW2270HM,22.0 LCD (LED),China,83,4.5,Computer Monitor,Low
577,BENQ,GW2270ME,22.0 LCD (LED),China,83,4.5,Computer Monitor,Low
579,BENQ,GW2470HM,24.0 LCD (LED),China,93,4.5,Computer Monitor,Low
581,BENQ,GW2470ME,24.0 LCD (LED),China,93,4.5,Computer Monitor,Low
583,AOC,315LM00019,32.0 LCD,China,201,3,Computer Monitor,High
584,AOC,270LM00027,27.0 LCD,China,200,2,Computer Monitor,Medium
585,HP,E230t,23.0 LCD,China,82,5,Computer Monitor,Low
587,HP,STND-9321-L,23.0 LCD,China,82,5,Computer Monitor,Low
589,PHILIPS,19B4Q,19.0 LCD (LED),China,70,5,Computer Monitor,Low
590,PHILIPS,221S6L,22.0 LCD (LED),China,78,4.5,Computer Monitor,Low
591,PHILIPS,221B6L,22.0 LCD (LED),China,79,4.5,Computer Monitor,Low
594,BENQ,XL2735,27.0 LCD (LED),China,166,2.5,Computer Monitor,Medium
595,BENQ,XL2735E,27.0 LCD (LED),China,166,2.5,Computer Monitor,Medium
599,PHILIPS,BDM3270QP2,32.0 LCD (LED),Taiwan,245,2,Computer Monitor,High
600,LG,27UD58,27.0 LCD,"Indonesia,South Korea,China",108,4.5,Computer Monitor,Medium
601,DELL,C5517Hc,55.0 LCD (LED),China,362,4.5,Computer Monitor,High
603,SAMSUNG,LS22F355FHEXXY,22.0 LCD (LED),China,64,5.5,Computer Monitor,Low
604,SAMSUNG,LS19F355HNEXXY,19.0 LCD (LED),China,60,5,Computer Monitor,Low
605,VIEWSONIC,VS16539,32.0 LCD,China,163,4,Computer Monitor,Medium
606,PHILIPS,328C7Q,32.0 LCD (LED),Taiwan,205,3,Computer Monitor,High
607,HP,STND-9301-A,22.0 LCD (LED),China,81,4.5,Computer Monitor,Low
608,HP,VH22,22.0 LCD (LED),China,81,4.5,Computer Monitor,Low
609,HP,VH22,22.0 LCD (LED),China,81,4.5,Computer Monitor,Low
611,HP,STND-9371-A,20.0 LCD (LED),China,68,5,Computer Monitor,Low
612,HP,203,20.0 LCD (LED),China,68,5,Computer Monitor,Low
613,HP,203,20.0 LCD (LED),China,68,5,Computer Monitor,Low
615,VIEWSONIC,VS16485,27.0 LCD,China,201,2,Computer Monitor,High
616,KOGAN,KALED28UHDM*,29.0 LCD (LED),China,81,6,Computer Monitor,Low
617,KOGAN,KALED28UHDMA,29.0 LCD (LED),China,81,6,Computer Monitor,Low
618,KOGAN,KALED28UHDMB,29.0 LCD (LED),China,81,6,Computer Monitor,Low
619,KOGAN,KALED28UHDMC,29.0 LCD (LED),China,81,6,Computer Monitor,Low
620,LG,24UD58,24.0 LCD,"Indonesia,South Korea,China",120,3.5,Computer Monitor,Medium
621,PHILIPS,241B7Q,24.0 LCD,China,96,4.5,Computer Monitor,Low
622,ACER,*246HYL,24.0 LCD (LED),China,61,6,Computer Monitor,Low
623,ACER,B246HYL,24.0 LCD (LED),China,61,6,Computer Monitor,Low
624,ACER,V246HYL,24.0 LCD (LED),China,61,6,Computer Monitor,Low
625,LG,34UC79G,34.0 LCD (LED),"Indonesia,China,South Korea",160,4,Computer Monitor,Medium
626,HP,STND-9341-L,24.0 LCD (LED),China,69,6,Computer Monitor,Low
627,HP,S240n,24.0 LCD (LED),China,69,6,Computer Monitor,Low
630,FUJITSU,24-8T,24.0 LCD (LED),Germany,67,6,Computer Monitor,Low
631,HP,ENVY 24 Display HSTND-9341-L,24.0 LCD (LED),China,69,6,Computer Monitor,Low
632,PHILIPS,19S4Q,19.0 LCD (LED),Taiwan,70,5,Computer Monitor,Low
633,AOC,238LM00009,24.0 LCD,China,135,3,Computer Monitor,Medium
634,BENQ,XL2540,24.0 LCD (LED),China,124,3.5,Computer Monitor,Medium
635,BENQ,XL2540E,24.0 LCD (LED),China,124,3.5,Computer Monitor,Medium
636,BENQ,XL2540W,24.0 LCD (LED),China,124,3.5,Computer Monitor,Medium
640,HP,223,22.0 LCD (LED),China,63,5.5,Computer Monitor,Low
641,LG,16M38A,16.0 LCD,"South Korea,Indonesia,China",18,9,Computer Monitor,Low
642,BENQ,EX3200R,32.0 LCD (LED),China,160,4,Computer Monitor,Medium
643,BENQ,EX3200RE,32.0 LCD (LED),China,160,4,Computer Monitor,Medium
646,LG,22MD4KA,21.0 LCD (LED),"China,Indonesia,South Korea",115,3,Computer Monitor,Medium
647,VIEWSONIC,VS16393,22.0 LCD,China,66,5.5,Computer Monitor,Low
648,VIEWSONIC,VS16403,27.0 LCD,China,91,5.5,Computer Monitor,Low
649,PHILIPS,246E7Q,24.0 LCD (LED),China,85,5,Computer Monitor,Low
650,LENOVO,A16270QX0,27.0 LCD,China,115,4.5,Computer Monitor,Medium
651,PHILIPS,241B6Q,24.0 LCD,China,93,4.5,Computer Monitor,Low
652,PHILIPS,221B6Q,22.0 LCD,China,79,4.5,Computer Monitor,Low
653,PHILIPS,221S6Q,22.0 LCD,China,83,4.5,Computer Monitor,Low
654,PHILIPS,278C7,26.0 LCD (LED),China,113,4.5,Computer Monitor,Medium
655,PHILIPS,BDM4037U,40.0 LCD (LED),China,216,4.5,Computer Monitor,High
656,ASUS,VB199***,19.0 LCD (LED),China,77,4.5,Computer Monitor,Low
657,ASUS,VB199D,19.0 LCD (LED),China,77,4.5,Computer Monitor,Low
658,ASUS,VB199D-,19.0 LCD (LED),China,77,4.5,Computer Monitor,Low
659,ASUS,VB199N,19.0 LCD (LED),China,77,4.5,Computer Monitor,Low
660,ASUS,VB199NL,19.0 LCD (LED),China,77,4.5,Computer Monitor,Low
661,ASUS,VB199T,19.0 LCD (LED),China,77,4.5,Computer Monitor,Low
662,ASUS,VB199TL,19.0 LCD (LED),China,77,4.5,Computer Monitor,Low
663,ASUS,VB199TL-,19.0 LCD (LED),China,77,4.5,Computer Monitor,Low
664,ASUS,VB199T-,19.0 LCD (LED),China,77,4.5,Computer Monitor,Low
665,ASUS,VS228**,22.0 LCD (LED),China,83,4.5,Computer Monitor,Low
666,ASUS,VS228DE,22.0 LCD (LED),China,83,4.5,Computer Monitor,Low
667,ASUS,VS228NE,22.0 LCD (LED),China,83,4.5,Computer Monitor,Low
668,ASUS,VX278***,27.0 LCD (LED),China,115,4.5,Computer Monitor,Medium
669,ASUS,VX278,27.0 LCD (LED),China,115,4.5,Computer Monitor,Medium
670,ASUS,VX278H-,27.0 LCD (LED),China,115,4.5,Computer Monitor,Medium
671,ASUS,VX278HR,27.0 LCD (LED),China,115,4.5,Computer Monitor,Medium
672,ASUS,VX278Q,27.0 LCD (LED),China,115,4.5,Computer Monitor,Medium
673,ASUS,VP247***,24.0 LCD (LED),China,106,4,Computer Monitor,Medium
674,ASUS,VP247D,24.0 LCD (LED),China,106,4,Computer Monitor,Medium
675,ASUS,VP247,24.0 LCD (LED),China,106,4,Computer Monitor,Medium
676,ASUS,VP247HA,24.0 LCD (LED),China,106,4,Computer Monitor,Medium
677,ASUS,VP247H-,24.0 LCD (LED),China,106,4,Computer Monitor,Medium
678,ASUS,VP247N,24.0 LCD (LED),China,106,4,Computer Monitor,Medium
679,ASUS,VP247NA,24.0 LCD (LED),China,106,4,Computer Monitor,Medium
680,ASUS,VP247S,24.0 LCD (LED),China,106,4,Computer Monitor,Medium
681,ASUS,VP247T,24.0 LCD (LED),China,106,4,Computer Monitor,Medium
682,ASUS,VP247TA,24.0 LCD (LED),China,106,4,Computer Monitor,Medium
683,LG,38UC99,38.0 LCD (LED),"South Korea,Indonesia,China",216,3,Computer Monitor,High
684,LENOVO,F16238QX0,24.0 LCD (LED),China,88,4.5,Computer Monitor,Low
685,ASUS,MG24***,24.0 LCD (LED),China,119,3.5,Computer Monitor,Medium
686,ASUS,MG24UQ,24.0 LCD (LED),China,119,3.5,Computer Monitor,Medium
687,ASUS,MG24UQR,24.0 LCD (LED),China,119,3.5,Computer Monitor,Medium
688,ASUS,VS197***,19.0 LCD (LED),China,62,5,Computer Monitor,Low
689,ASUS,VS197D,19.0 LCD (LED),China,62,5,Computer Monitor,Low
690,ASUS,VS197DE,19.0 LCD (LED),China,62,5,Computer Monitor,Low
691,ASUS,VS197D-,19.0 LCD (LED),China,62,5,Computer Monitor,Low
692,ASUS,VS197N,19.0 LCD (LED),China,62,5,Computer Monitor,Low
693,ASUS,VS197N-,19.0 LCD (LED),China,62,5,Computer Monitor,Low
694,ASUS,VS197S,19.0 LCD (LED),China,62,5,Computer Monitor,Low
695,ASUS,VS197T,19.0 LCD (LED),China,62,5,Computer Monitor,Low
696,ASUS,VS197TE,19.0 LCD (LED),China,62,5,Computer Monitor,Low
697,ASUS,VS197T-,19.0 LCD (LED),China,62,5,Computer Monitor,Low
698,PHILIPS,242P6V,24.0 LCD (LED),China,147,2.5,Computer Monitor,Medium
699,ASUS,VS247***,24.0 LCD (LED),China,95,4.5,Computer Monitor,Low
700,ASUS,VS247H-,24.0 LCD (LED),China,95,4.5,Computer Monitor,Low
701,ASUS,VS247HR,24.0 LCD (LED),China,95,4.5,Computer Monitor,Low
702,ASUS,VS247HV,24.0 LCD (LED),China,95,4.5,Computer Monitor,Low
703,ASUS,VS247NR,24.0 LCD (LED),China,95,4.5,Computer Monitor,Low
704,ASUS,VS247NV,24.0 LCD (LED),China,95,4.5,Computer Monitor,Low
705,ASUS,BE229***,22.0 LCD (LED),China,78,4.5,Computer Monitor,Low
706,ASUS,BE229Q,22.0 LCD (LED),China,78,4.5,Computer Monitor,Low
707,ASUS,BE229QB,22.0 LCD (LED),China,78,4.5,Computer Monitor,Low
708,ASUS,BE229QL,22.0 LCD (LED),China,78,4.5,Computer Monitor,Low
709,ASUS,BE229QLB,22.0 LCD (LED),China,78,4.5,Computer Monitor,Low
710,ASUS,BE229TLB,22.0 LCD (LED),China,78,4.5,Computer Monitor,Low
711,ACER,CB281HK,28.0 LCD (LED),China,210,2,Computer Monitor,High
712,LG,24CAV37K,24.0 LCD,"South Korea,Indonesia,China",87,4.5,Computer Monitor,Low
713,LENOVO,A16270QP0,27.0 LCD,China,120,4,Computer Monitor,Medium
714,BENQ,GL2070,19.0 LCD (LED),China,54,5.5,Computer Monitor,Low
715,DELL,2418HZc,24.0 LCD (LED),China,73,5.5,Computer Monitor,Low
716,DELL,2418HTt,24.0 LCD,China,66,6,Computer Monitor,Low
717,LENOVO,A16215FT0,22.0 LCD (LED),China,60,6,Computer Monitor,Low
718,HP,STND-9421-L,22.0 LCD (LED),China,60,6,Computer Monitor,Low
719,HP,N220,22.0 LCD (LED),China,60,6,Computer Monitor,Low
722,HP,STND-9431-L,24.0 LCD (LED),China,63,6,Computer Monitor,Low
723,HP,N240,24.0 LCD (LED),China,63,6,Computer Monitor,Low
726,HP,STND-9441-L,27.0 LCD (LED),China,81,6,Computer Monitor,Low
727,HP,N270,27.0 LCD (LED),China,81,6,Computer Monitor,Low
730,VIEWSONIC,VS16441,32.0 LCD,China,140,4.5,Computer Monitor,Medium
731,LENOVO,F16238QP0,24.0 LCD (LED),China,82,5,Computer Monitor,Low
732,KOGAN,"27 "" Full HD LED Monitor",27.0 LCD (LED),Australia,125,4,Computer Monitor,Medium
734,KOGAN,KALED27MONSC,27.0 LCD (LED),Australia,125,4,Computer Monitor,Medium
735,LENOVO,F16238FT0,24.0 LCD (LED),China,57,6,Computer Monitor,Low
744,HP,223a,22.0 LCD (LED),China,63,5.5,Computer Monitor,Low
745,FUJITSU,27-8T,27.0 LCD,China,64,7,Computer Monitor,Low
746,FUJITSU,24-8W,24.0 LCD,China,72,6,Computer Monitor,Low
747,PHILIPS,278E8Q,27.0 LCD (LED),China,132,3.5,Computer Monitor,Medium
748,BENQ,BL2706HT,27.0 LCD (LED),China,90,5.5,Computer Monitor,Low
749,VIEWSONIC,VS16568,27.0 LCD,China,95,5,Computer Monitor,Low
750,VIEWSONIC,VS16530,24.0 LCD (LED),China,71,5.5,Computer Monitor,Low
751,BENQ,BL2411PT,24.0 LCD (LED),China,89,5,Computer Monitor,Low
752,PHILIPS,271S7Q,27.0 LCD (LED),China,88,5.5,Computer Monitor,Low
755,HP,N220b,22.0 LCD (LED),China,67,5.5,Computer Monitor,Low
759,HP,27b Curved Display,27.0 LCD (LED),China,114,4.5,Computer Monitor,Medium
760,HP,27 Curved Display,27.0 LCD (LED),China,114,4.5,Computer Monitor,Medium
761,HP,STND-9411-A,27.0 LCD (LED),China,114,4.5,Computer Monitor,Medium
762,HP,N270c,27.0 LCD (LED),China,114,4.5,Computer Monitor,Medium
767,AOC,315LM00022,32.0 LCD (LED),China,182,3.5,Computer Monitor,Medium
768,PHILIPS,276E7Q,27.0 LCD (LED),China,114,4.5,Computer Monitor,Medium
770,DELL,S2418Ht,24.0 LCD,China,65,6,Computer Monitor,Low
772,DELL,S2418Nt,24.0 LCD,China,65,6,Computer Monitor,Low
774,DELL,S2718Hc,27.0 LCD (LED),China,88,5.5,Computer Monitor,Low
776,DELL,S2718Nc,27.0 LCD (LED),China,88,5.5,Computer Monitor,Low
778,DELL,S2318Hc,23.0 LCD (LED),China,73,5.5,Computer Monitor,Low
780,DELL,S2318Mc,23.0 LCD (LED),China,73,5.5,Computer Monitor,Low
781,DELL,S2318Nc,23.0 LCD (LED),China,73,5.5,Computer Monitor,Low
784,VIEWSONIC,VS16566,24.0 LCD,China,75,5.5,Computer Monitor,Low
785,DELL,S2218Hc,22.0 LCD (LED),China,67,5.5,Computer Monitor,Low
787,DELL,S2218Mc,22.0 LCD (LED),China,67,5.5,Computer Monitor,Low
789,SAMSUNG,LC27H580FDEXXY,27.0 LCD (LED),Vietnam,124,4,Computer Monitor,Medium
790,AOC,250LM00005,24.0 LCD (LED),China,110,4,Computer Monitor,Medium
791,BENQ,BL2706**,27.0 LCD (LED),China,83,5.5,Computer Monitor,Low
792,BENQ,BL2706HE,27.0 LCD (LED),China,83,5.5,Computer Monitor,Low
794,AOC,350LM00004,35.0 LCD (LED),China,197,3,Computer Monitor,Medium
795,AOC,350LM00005,35.0 LCD (LED),China,260,2,Computer Monitor,High
796,ACER,K242HL,24.0 LCD (LED),China,113,3.5,Computer Monitor,Medium
797,ACER,K242HL A,24.0 LCD (LED),China,113,3.5,Computer Monitor,Medium
798,ACER,UM.FW2SA.A01,24.0 LCD (LED),China,113,3.5,Computer Monitor,Medium
799,AOC,315LM00017,32.0 LCD (LED),China,215,2.5,Computer Monitor,High
800,BENQ,GW2470HL,24.0 LCD (LED),China,94,4.5,Computer Monitor,Low
802,BENQ,GW2470LE,24.0 LCD (LED),China,94,4.5,Computer Monitor,Low
806,BENQ,GW2470EM,24.0 LCD (LED),China,95,4.5,Computer Monitor,Low
807,BENQ,GW2470ML,24.0 LCD (LED),China,95,4.5,Computer Monitor,Low
810,AOC,240LM00010,24.0 LCD (LED),China,150,2.5,Computer Monitor,Medium
811,LENOVO,A16270QP1,27.0 LCD (LED),China,120,4,Computer Monitor,Medium
812,KOGAN,KALED27WQHDJA,27.0 LCD (LED),China,120,4,Computer Monitor,Medium
813,BENQ,GW2760HL,27.0 LCD (LED),China,144,3.5,Computer Monitor,Medium
814,BENQ,GW2760HL; GW2760LE,27.0 LCD (LED),China,144,3.5,Computer Monitor,Medium
815,BENQ,GW2760LE,27.0 LCD (LED),China,144,3.5,Computer Monitor,Medium
816,HP,STND-9451-A,32.0 LCD (LED),China,164,4,Computer Monitor,Medium
817,HP,N320c,32.0 LCD (LED),China,164,4,Computer Monitor,Medium
821,ACER,K202HQL,20.0 LCD (LED),China,88,3.5,Computer Monitor,Low
822,AOC,270LM00036,27.0 LCD (LED),China,143,3.5,Computer Monitor,Medium
823,PHILIPS,246E8F,24.0 LCD (LED),China,122,3,Computer Monitor,Medium
824,PHILIPS,276E8F,27.0 LCD (LED),China,160,3,Computer Monitor,Medium
825,SAMSUNG,LC24FG70FQEXXY,24.0 OLED,China,126,3,Computer Monitor,Medium
826,LG,24MP59G,24.0 LCD,"Indonesia,South Korea,China",76,5.5,Computer Monitor,Low
827,LG,27MP59G,27.0 LCD,"Indonesia,South Korea,China",93,5,Computer Monitor,Low
828,LG,27MP89HM,27.0 LCD,"Indonesia,South Korea,China",81,6,Computer Monitor,Low
829,LG,27UD69,27.0 LCD,"Indonesia,South Korea,China",115,4.5,Computer Monitor,Medium
830,LG,24GM79G,24.0 LCD,"South Korea,Indonesia,China",103,4,Computer Monitor,Medium
831,LG,29UM69G,29.0 LCD,"South Korea,Indonesia,China",102,4.5,Computer Monitor,Medium
832,LG,34UM69G,34.0 LCD,"South Korea,Indonesia,China",133,4.5,Computer Monitor,Medium
833,DELL,E2318Hf,23.0 LCD (LED),China,61,6,Computer Monitor,Low
834,BLOOMBERG,BFP200-23,23.0 LCD,"Indonesia,South Korea,China",58,6,Computer Monitor,Low
835,BLOOMBERG,BFP200-27,27.0 LCD,"South Korea,Indonesia,China",131,3.5,Computer Monitor,Medium
836,SAMSUNG,LS25HG50FQEXXY,25.0 LCD (LED),South Korea,101,4,Computer Monitor,Medium
837,HP,OMEN by HP 25,24.0 LCD,China,82,5,Computer Monitor,Low
838,LG,32UD99,31.0 LCD,"Indonesia,South Korea,China",138,4.5,Computer Monitor,Medium
839,HP,22w,22.0 LCD (LED),China,63,5.5,Computer Monitor,Low
840,HP,22w,22.0 LCD (LED),China,63,5.5,Computer Monitor,Low
841,HP,STND-9521-A,22.0 LCD (LED),China,63,5.5,Computer Monitor,Low
843,HP,24w,24.0 LCD (LED),China,71,5.5,Computer Monitor,Low
845,HP,STND-9531-A,24.0 LCD (LED),China,71,5.5,Computer Monitor,Low
847,PHILIPS,243S7E,24.0 LCD (LED),China,69,6,Computer Monitor,Low
848,PHILIPS,243V7Q,24.0 LCD (LED),China,73,5.5,Computer Monitor,Low
849,PHILIPS,328E8Q,32.0 LCD (LED),China,150,4,Computer Monitor,Medium
850,PHILIPS,19P4Q,19.0 LCD (LED),China,67,5,Computer Monitor,Low
851,PHILIPS,273V7Q,27.0 LCD (LED),China,81,6,Computer Monitor,Low
852,LENOVO,F16238QP1,24.0 LCD (LED),China,84,5,Computer Monitor,Low
853,PHILIPS,223V7Q,22.0 LCD (LED),China,61,5.5,Computer Monitor,Low
854,LG,34UC99,34.0 LCD (LED),"South Korea,Indonesia,China",215,2.5,Computer Monitor,High
855,PHILIPS,223S7E,22.0 LCD (LED),China,60,6,Computer Monitor,Low
856,SAMSUNG,LU28H750UQEXXY,28.0 LCD (LED),South Korea,124,4,Computer Monitor,Medium
857,LENOVO,A16240WT0,24.0 LCD (LED),China,72,6,Computer Monitor,Low
858,HP,27o,27.0 LCD,China,57,7,Computer Monitor,Low
859,HP,V273,27.0 LCD,China,57,7,Computer Monitor,Low
860,HP,V273a,27.0 LCD,China,57,7,Computer Monitor,Low
861,BENQ,XL2546,24.0 LCD (LED),China,68,6,Computer Monitor,Low
862,BENQ,XL2546E,24.0 LCD (LED),China,68,6,Computer Monitor,Low
865,SAMSUNG,LS24H650GDEXXY,24.0 LCD (LED),South Korea,82,5,Computer Monitor,Low
866,HP,27x Curved Display,27.0 LCD (LED),China,117,4,Computer Monitor,Medium
868,HP,STND-9551-A,27.0 LCD (LED),China,117,4,Computer Monitor,Medium
870,FUJITSU,DY22-8T,22.0 LCD,China,45,7,Computer Monitor,Low
871,SAMSUNG,LS27HG50QQEXXY,27.0 LCD (LED),South Korea,176,2.5,Computer Monitor,Medium
872,SAMSUNG,LC24FG73FQEXXY,24.0 LCD (LED),South Korea,126,3,Computer Monitor,Medium
873,SAMSUNG,LC27FG73FQEXXY,27.0 LCD (LED),South Korea,141,3.5,Computer Monitor,Medium
874,PHILIPS,326M6F,32.0 LCD (LED),China,180,3.5,Computer Monitor,Medium
875,HP,E243,24.0 LCD (LED),China,69,6,Computer Monitor,Low
877,HP,STND-9581-A,24.0 LCD (LED),China,69,6,Computer Monitor,Low
879,LG,24MP59HT,24.0 LCD,"Indonesia,South Korea,China",72,5.5,Computer Monitor,Low
880,LG,27MP59HT,27.0 LCD,"Indonesia,South Korea,China",85,5.5,Computer Monitor,Low
881,AOC,315LM00026,31.0 LCD,China,185,3,Computer Monitor,Medium
882,VIEWSONIC,VS16845,43.0 LCD,China,332,3,Computer Monitor,High
883,VIEWSONIC,VS16920,24.0 LCD,China,122,3.5,Computer Monitor,Medium
884,SAMSUNG,LS27H850QFEXXY,27.0 LCD (LED),South Korea,148,3,Computer Monitor,Medium
885,SAMSUNG,LS24H850QFEXXY,24.0 LCD (LED),South Korea,139,2.5,Computer Monitor,Medium
886,HP,Z38c,38.0 LCD (LED),China,233,3,Computer Monitor,High
887,LG,24BK550Y,24.0 LCD,"Indonesia,South Korea,China",78,5,Computer Monitor,Low
888,LG,24BK750Y,24.0 LCD,"Indonesia,South Korea,China",65,6,Computer Monitor,Low
889,LG,27BK550Y,27.0 LCD,"South Korea,Indonesia,China",94,5,Computer Monitor,Low
890,LG,27BK750Y,27.0 LCD,"South Korea,Indonesia,China",78,6,Computer Monitor,Low
891,PHILIPS,349X7F,34.0 LCD (LED),China,279,1.5,Computer Monitor,High
892,LENOVO,F16238FX0,24.0 LCD (LED),China,61,6,Computer Monitor,Low
893,LG,29UM59A,29.0 LCD,"South Korea,Indonesia,China",83,5.5,Computer Monitor,Low
894,DELL,E2218HNf,22.0 LCD,China,58,6,Computer Monitor,Low
895,DELL,2418Dc,24.0 LCD (LED),China,83,5,Computer Monitor,Low
902,ALIENWARE,AW2518,24.0 LCD,China,102,4,Computer Monitor,Medium
903,DELL,E2418HN,24.0 LCD,China,59,6,Computer Monitor,Low
904,BENQ,BL2480T,24.0 LCD (LED),China,78,5,Computer Monitor,Low
905,BENQ,GW2480,24.0 LCD (LED),China,78,5,Computer Monitor,Low
906,BENQ,GW2480E,24.0 LCD (LED),China,78,5,Computer Monitor,Low
910,BENQ,BL2780,27.0 LCD (LED),China,87,5.5,Computer Monitor,Low
911,BENQ,BL2780T,27.0 LCD (LED),China,87,5.5,Computer Monitor,Low
912,BENQ,GW2780,27.0 LCD (LED),China,87,5.5,Computer Monitor,Low
913,BENQ,GW2780E,27.0 LCD (LED),China,87,5.5,Computer Monitor,Low
918,LG,43UD79,43.0 LCD,"South Korea,Indonesia,China",224,4.5,Computer Monitor,High
919,HP,E233,23.0 LCD,China,65,6,Computer Monitor,Low
920,ACER,G237HL,23.0 LCD (LED),China,101,4,Computer Monitor,Medium
921,ACER,G237HLA,23.0 LCD (LED),China,101,4,Computer Monitor,Medium
922,BENQ,GL2580,24.0 LCD (LED),China,82,5,Computer Monitor,Low
923,BENQ,GL2580HE,24.0 LCD (LED),China,82,5,Computer Monitor,Low
926,BENQ,GL2580HM,24.0 LCD (LED),China,82,5,Computer Monitor,Low
927,BENQ,GL2580ME,24.0 LCD (LED),China,82,5,Computer Monitor,Low
930,HP,OMEN by HP 27,27.0 LCD (LED),China,188,2,Computer Monitor,Medium
931,HP,E223,22.0 LCD (LED),China,62,5.5,Computer Monitor,Low
933,LENOVO,A16270UP0,27.0 LCD,China,174,2.5,Computer Monitor,Medium
934,LENOVO,A17TIO22T,22.0 LCD (LED),China,75,5,Computer Monitor,Low
935,HP,Z22n G2,22.0 LCD (LED),China,67,5.5,Computer Monitor,Low
936,HP,Z23n G2,23.0 LCD (LED),China,71,5.5,Computer Monitor,Low
937,HP,Z24nf G2,24.0 LCD (LED),China,74,5.5,Computer Monitor,Low
939,PHILIPS,273V5L,27.0 LCD (LED),China,111,4.5,Computer Monitor,Medium
941,LENOVO,D17238FE0,24.0 LCD,China,64,6,Computer Monitor,Low
942,LENOVO,A17TIO24,24.0 LCD (LED),China,82,5,Computer Monitor,Low
943,LENOVO,A17TIO22,22.0 LCD (LED),China,75,5,Computer Monitor,Low
944,LENOVO,A17TIO24T,24.0 LCD (LED),China,82,5,Computer Monitor,Low
945,DELL,U3418HWf,34.0 LCD,China,119,5,Computer Monitor,Medium
946,ALIENWARE,AW2518HF,24.0 LCD,China,81,5,Computer Monitor,Low
947,SAMSUNG,LC34H890WJEXXY,34.0 LCD (LED),South Korea,207,2.5,Computer Monitor,High
948,SAMSUNG,LC27H800FCEXXY,27.0 LCD (LED),South Korea,156,3,Computer Monitor,Medium
949,SAMSUNG,LC27F397FHEXXY,27.0 LCD (LED),South Korea,87,5.5,Computer Monitor,Low
950,LENOVO,F17238FT0,24.0 LCD (LED),China,56,6,Computer Monitor,Low
951,HP,E243m,24.0 LCD,China,59,6,Computer Monitor,Low
952,LG,34UC89G,34.0 LCD (LED),"South Korea,Indonesia,China",215,2.5,Computer Monitor,High
953,LG,32UD59,32.0 LCD,"Indonesia,South Korea,China",151,4,Computer Monitor,Medium
954,ALTIUS,AL3217CM,32.0 LCD (LED),China,152,4.5,Computer Monitor,Medium
955,SHARP,V2417E,24.0 LCD,China,59,6,Computer Monitor,Low
956,BENQ,XL2536,24.0 LCD (LED),China,86,5,Computer Monitor,Low
957,BENQ,XL2536E,24.0 LCD (LED),China,86,5,Computer Monitor,Low
960,AOC,238LM00020,24.0 LCD (LED),China,81,5,Computer Monitor,Low
961,AOC,270LM00040,27.0 LCD (LED),China,100,5,Computer Monitor,Medium
962,PHILIPS,356M6Q,35.0 LCD (LED),China,135,5,Computer Monitor,Medium
963,HP,E273,27.0 LCD (LED),China,67,6,Computer Monitor,Low
964,LENOVO,A17210FE0,21.0 LCD (LED),China,63,5.5,Computer Monitor,Low
965,HP,27w,27.0 LCD (LED),China,82,6,Computer Monitor,Low
966,BENQ,EX3501R,35.0 LCD (LED),China,130,5,Computer Monitor,Medium
967,BENQ,EX3501RE,35.0 LCD (LED),China,130,5,Computer Monitor,Medium
970,DELL,2018Hc,19.0 LCD (LED),China,57,5.5,Computer Monitor,Low
973,LENOVO,F17210FV0,21.0 LCD (LED),China,61,5.5,Computer Monitor,Low
974,PHILIPS,328M6F,32.0 LCD (LED),China,242,2,Computer Monitor,High
975,AOC,215LM00071,22.0 LCD (LED),China,60,6,Computer Monitor,Low
976,HP,E273m,27.0 LCD (LED),China,87,5.5,Computer Monitor,Low
977,LG,34UB88,34.0 LCD (LED),"South Korea,Indonesia,China",190,3,Computer Monitor,Medium
978,ALIENWARE,AW3418DW,34.0 LCD,China,195,3,Computer Monitor,Medium
979,ALIENWARE,AW3418HW,34.0 LCD,China,173,3.5,Computer Monitor,Medium
980,AOC,238LM00021,24.0 LCD (LED),China,64,6,Computer Monitor,Low
981,HP,24y,24.0 LCD (LED),China,68,6,Computer Monitor,Low
982,HP,24y Monitor,24.0 LCD (LED),China,68,6,Computer Monitor,Low
983,HP,N246v Monitor,24.0 LCD (LED),China,68,6,Computer Monitor,Low
984,HP,STND-9751-V,24.0 LCD (LED),China,68,6,Computer Monitor,Low
985,HP,N246v,24.0 LCD (LED),China,68,6,Computer Monitor,Low
986,HP,22y,22.0 LCD (LED),China,41,7,Computer Monitor,Low
987,HP,22y Monitor,22.0 LCD (LED),China,41,7,Computer Monitor,Low
988,HP,N223v Monitor,22.0 LCD (LED),China,41,7,Computer Monitor,Low
989,HP,STND-9741-V,22.0 LCD (LED),China,41,7,Computer Monitor,Low
990,HP,N223v,22.0 LCD (LED),China,41,7,Computer Monitor,Low
991,DELL,E2219HN,22.0 LCD (LED),China,46,7,Computer Monitor,Low
992,BENQ,EW277HDR,27.0 LCD (LED),China,93,5,Computer Monitor,Low
993,PHILIPS,253V7L,24.0 LCD (LED),China,86,5,Computer Monitor,Low
994,LENOVO,D17238FE1,24.0 LCD,China,66,6,Computer Monitor,Low
995,PHILIPS,278C6Q,27.0 LCD (LED),China,159,3,Computer Monitor,Medium
996,PHILIPS,241P6Q,24.0 LCD (LED),China,98,4,Computer Monitor,Low
997,HP,N240h,24.0 LCD (LED),China,62,6,Computer Monitor,Low
998,HP,N270h,27.0 LCD (LED),China,81,6,Computer Monitor,Low
999,BENQ,XL2740,27.0 LCD (LED),China,80,6,Computer Monitor,Low
1000,BENQ,XL2740E,27.0 LCD (LED),China,80,6,Computer Monitor,Low
1003,AG NEOVO,TM-23,23.0 LCD (LED),China,110,3.5,Computer Monitor,Medium
1004,PHILIPS,240B7Q,24.0 LCD,China,102,4,Computer Monitor,Medium
1005,HP,V270 27-inch Monitor,27.0 LCD (LED),China,66,7,Computer Monitor,Low
1006,HP,V270 Monitor,27.0 LCD (LED),China,66,7,Computer Monitor,Low
1007,HP,V270,27.0 LCD (LED),China,66,7,Computer Monitor,Low
1008,BENQ,XL2411,24.0 LCD (LED),China,117,3.5,Computer Monitor,Medium
1009,LENOVO,F17238FX0,24.0 LCD (LED),China,61,6,Computer Monitor,Low
1010,LENOVO,D17238FT0,24.0 LCD,China,59,6,Computer Monitor,Low
1011,LENOVO,D17215FT0,22.0 LCD,China,52,6,Computer Monitor,Low
1012,LENOVO,T2254A,22.0 LCD,China,63,6,Computer Monitor,Low
1013,VIEWSONIC,VS16492,27.0 LCD (LED),China,120,4,Computer Monitor,Medium
1014,FUJITSU,B27-8T,27.0 LCD (LED),Germany,82,6,Computer Monitor,Low
1015,DELL,3418HWf,34.0 LCD,China,119,5,Computer Monitor,Medium
1017,PHILIPS,328P6A,32.0 LCD (LED),China,230,2.5,Computer Monitor,High
1018,LENOVO,17245FY0,24.0 LCD,China,97,4.5,Computer Monitor,Low
1019,VIEWSONIC,VS17037,24.0 LCD,China,116,3.5,Computer Monitor,Medium
1020,LG,34UM59,34.0 LCD,"Indonesia,South Korea,China",118,5,Computer Monitor,Medium
1022,HP,22yh,22.0 LCD (LED),China,49,6,Computer Monitor,Low
1023,HP,22y Display,22.0 LCD (LED),China,49,6,Computer Monitor,Low
1024,HP,22yh Display,22.0 LCD (LED),China,49,6,Computer Monitor,Low
1029,VIEWSONIC,VS17090,32.0 LCD,China,163,4,Computer Monitor,Medium
1030,SAMSUNG,LS27E45KBHV,27.0 LCD (LED),South Korea,119,4,Computer Monitor,Medium
1031,FUJITSU,DY24-9T,24.0 LCD (LED),Germany,68,6,Computer Monitor,Low
1032,LG,27GK750F,27.0 LCD,"Indonesia,South Korea,China",104,4.5,Computer Monitor,Medium
1033,LG,32GK850G,32.0 LCD,"Indonesia,South Korea,China",203,3,Computer Monitor,High
1034,FUJITSU,E24-9 TOUC,24.0 LCD (LED),Germany,69,6,Computer Monitor,Low
1035,DELL,S2419HMt,24.0 LCD,China,70,5.5,Computer Monitor,Low
1036,VIEWSONIC,VS16265,24.0 LCD,China,135,3,Computer Monitor,Medium
1037,VIEWSONIC,VS16327,27.0 LCD,China,129,4,Computer Monitor,Medium
1038,KOGAN,KALED24MONPA,24.0 LCD (LED),China,95,4.5,Computer Monitor,Low
1039,HP,TPC-Q035-D23,24.0 LCD (LED),China,62,6,Computer Monitor,Low
1040,HP,TPC-Q035-D27,27.0 LCD (LED),China,107,4.5,Computer Monitor,Medium
1041,HP,TPC-Q035-D34,34.0 LCD (LED),China,142,4.5,Computer Monitor,Medium
1042,VIEWSONIC,VS17220,32.0 LCD,China,146,4.5,Computer Monitor,Medium
1043,PHILIPS,241B7QU,24.0 LCD,China,72,5.5,Computer Monitor,Low
1044,SAMSUNG,LS24E45KDSV,24.0 LCD (LED),South Korea,100,4,Computer Monitor,Medium
1045,LENOVO,D17195HE2,19.0 LCD,China,48,6,Computer Monitor,Low
1047,LENOVO,D17195HE3,19.0 LCD,China,48,6,Computer Monitor,Low
1048,LENOVO,D17195HV0,19.0 LCD,China,48,6,Computer Monitor,Low
1051,HP,V190 18.5-inch Monitor,19.0 LCD (LED),China,41,6,Computer Monitor,Low
1052,HP,V190 Monitor,19.0 LCD (LED),China,41,6,Computer Monitor,Low
1053,HP,STND-9851-V,19.0 LCD (LED),China,41,6,Computer Monitor,Low
1054,HP,V190,19.0 LCD (LED),China,41,6,Computer Monitor,Low
1055,BENQ,EL2870U,29.0 LCD (LED),China,129,4,Computer Monitor,Medium
1057,HP,24y Display,24.0 LCD (LED),China,68,6,Computer Monitor,Low
1061,KOGAN,KALED27MONSD,27.0 LCD (LED),China,125,4,Computer Monitor,Medium
1062,ACER,CB271,27.0 LCD,China,164,2.5,Computer Monitor,Medium
1063,ACER,CB271H/KA271A,27.0 LCD,China,164,2.5,Computer Monitor,Medium
1064,ACER,KA271A,27.0 LCD,China,164,2.5,Computer Monitor,Medium
1065,LG,23CAV42KL,23.0 LCD,"Indonesia,South Korea,China",80,5,Computer Monitor,Low
1066,ACER,KA220HQ,22.0 LCD,China,92,4,Computer Monitor,Low
1067,ACER,G206HQL,19.0 LCD (LED),China,100,3,Computer Monitor,Medium
1068,ACER,XB252Q,24.0 LCD (LED),China,98,4.5,Computer Monitor,Low
1069,ACER,KG251Q,24.0 LCD (LED),China,96,4.5,Computer Monitor,Low
1070,ACER,KG251QD,24.0 LCD (LED),China,96,4.5,Computer Monitor,Low
1071,ACER,KG251QF,24.0 LCD (LED),China,96,4.5,Computer Monitor,Low
1072,ACER,KG271,27.0 LCD (LED),China,161,3,Computer Monitor,Medium
1073,KONIC,KD2702NC,27.0 LCD (LED),China,126,4,Computer Monitor,Medium
1074,ACER,K272HL,27.0 LCD (LED),China,130,3.5,Computer Monitor,Medium
1075,ACER,EB321HQU,35.0 LCD (LED),China,131,5.5,Computer Monitor,Medium
1076,ACER,G257HL,25.0 LCD (LED),China,95,4.5,Computer Monitor,Low
1077,HP,22f Display,22.0 LCD (LED),China,67,5.5,Computer Monitor,Low
1079,HP,22fw Display,22.0 LCD (LED),China,67,5.5,Computer Monitor,Low
1081,HP,23f Display,23.0 LCD (LED),China,69,5.5,Computer Monitor,Low
1083,HP,23fw Display,23.0 LCD (LED),China,69,5.5,Computer Monitor,Low
1085,HP,24f Display,24.0 LCD (LED),China,70,5.5,Computer Monitor,Low
1087,HP,24fw Display,24.0 LCD (LED),China,70,5.5,Computer Monitor,Low
1088,HP,24fh Display,24.0 LCD (LED),China,70,5.5,Computer Monitor,Low
1091,HP,25f Display,25.0 LCD (LED),China,67,6,Computer Monitor,Low
1093,HP,25fw Display,25.0 LCD (LED),China,67,6,Computer Monitor,Low
1095,HP,27f Display,27.0 LCD (LED),China,81,6,Computer Monitor,Low
1097,HP,27fw Display,27.0 LCD (LED),China,81,6,Computer Monitor,Low
1098,HP,27fh Display,27.0 LCD (LED),China,81,6,Computer Monitor,Low
1101,ACER,B196L,19.0 LCD (LED),China,56,6,Computer Monitor,Low
1102,ACER,B226HQL,22.0 LCD (LED),China,110,3,Computer Monitor,Medium
1103,ACER,B246WL,24.0 LCD (LED),China,83,5,Computer Monitor,Low
1104,ACER,B326HUL,32.0 LCD (LED),China,188,3.5,Computer Monitor,Medium
1105,ACER,B346CK,34.0 LCD (LED),China,245,2,Computer Monitor,High
1106,ACER,ER320HQ,32.0 LCD (LED),China,93,6,Computer Monitor,Low
1107,ACER,G277HL,27.0 LCD (LED),China,125,4,Computer Monitor,Medium
1108,ACER,K222HQL,22.0 LCD (LED),China,83.3,4.5,Computer Monitor,Low
1109,ACER,XZ271,27.0 LCD (LED),China,128,4,Computer Monitor,Medium
1110,ACER,XB281HK,28.0 LCD (LED),China,237,1,Computer Monitor,High
1111,ACER,XR342CK,34.0 LCD (LED),China,245,2,Computer Monitor,High
1112,ACER,T272HUL,27.0 LCD (LED),China,194,2,Computer Monitor,Medium
1113,ACER,XB241,24.0 LCD (LED),China,154,2,Computer Monitor,Medium
1114,ACER,RT280K,28.0 LCD (LED),China,179,2.5,Computer Monitor,Medium
1115,ACER,KA270,27.0 LCD (LED),China,164,2.5,Computer Monitor,Medium
1116,ACER,K272HUL,27.0 LCD (LED),China,177,2.5,Computer Monitor,Medium
1117,ACER,K272HUL Abmidp,27.0 LCD (LED),China,177,2.5,Computer Monitor,Medium
1118,ACER,K272HUL bmiidp,27.0 LCD (LED),China,177,2.5,Computer Monitor,Medium
1119,ACER,K272HUL Dbmiidpx,27.0 LCD (LED),China,177,2.5,Computer Monitor,Medium
1120,ACER,XB271HU,27.0 LCD (LED),China,163,2.5,Computer Monitor,Medium
1121,ACER,XR382CQK,38.0 LCD (LED),China,223,3,Computer Monitor,High
1122,ACER,V276HL,27.0 LCD (LED),China,155,3,Computer Monitor,Medium
1123,ACER,XF240,24.0 LCD (LED),China,128,3,Computer Monitor,Medium
1124,ACER,XF270,27.0 LCD (LED),China,145,3,Computer Monitor,Medium
1125,ACER,XF270HU,27.0 LCD (LED),China,148,3,Computer Monitor,Medium
1126,ACER,GN246HL,24.0 LCD (LED),China,125,3,Computer Monitor,Medium
1127,ACER,BE270U,27.0 LCD (LED),China,136,3.5,Computer Monitor,Medium
1128,DELL,S2319Hc,23.0 LCD (LED),China,73,5.5,Computer Monitor,Low
1129,ACER,CB241HY,24.0 LCD (LED),China,111,3.5,Computer Monitor,Medium
1130,DELL,S2319Nc,23.0 LCD (LED),China,73,5.5,Computer Monitor,Low
1131,ACER,BE240Y,24.0 LCD (LED),China,79,5,Computer Monitor,Low
1132,ACER,EB192Q,19.0 LCD (LED),China,58,5,Computer Monitor,Low
1133,ACER,ED245QA,26.0 LCD (LED),China,50,7,Computer Monitor,Low
1134,ACER,KA221Q,22.0 LCD (LED),China,77,4.5,Computer Monitor,Low
1135,ACER,KA240,24.0 LCD (LED),China,104,4,Computer Monitor,Medium
1136,ACER,KA251Q,24.0 LCD (LED),China,94,4.5,Computer Monitor,Low
1137,ACER,KA271,27.0 LCD (LED),China,107,4.5,Computer Monitor,Medium
1138,ACER,KG281K,28.0 LCD (LED),China,150,3.5,Computer Monitor,Medium
1139,ACER,XB272,27.0 LCD (LED),China,135,3.5,Computer Monitor,Medium
1140,ACER,XB240,24.0 LCD (LED),China,165,2,Computer Monitor,Medium
1141,ACER,XB241YU,24.0 LCD (LED),China,110,3.5,Computer Monitor,Medium
1142,ACER,V226HQL,22.0 LCD (LED),China,99,3.5,Computer Monitor,Low
1143,ACER,B206WQL,19.0 LCD (LED),China,76,4.5,Computer Monitor,Low
1144,ACER,R231,23.0 LCD (LED),China,81,5,Computer Monitor,Low
1145,ACER,R271,27.0 LCD (LED),China,79,6,Computer Monitor,Low
1146,ACER,ED347CKR,35.0 LCD (LED),China,158,4,Computer Monitor,Medium
1147,ACER,V206WQL,19.0 LCD (LED),China,76,4.5,Computer Monitor,Low
1148,ACER,V176L,17.0 LCD (LED),China,54,5.5,Computer Monitor,Low
1149,ACER,GN276HL,27.0 LCD (LED),China,133,3.5,Computer Monitor,Medium
1150,LG,22MK430,22.0 LCD,"Indonesia,South Korea,China",80,4.5,Computer Monitor,Low
1151,ACER,KA240HY,24.0 LCD (LED),China,76,5.5,Computer Monitor,Low
1152,ACER,R251,25.0 LCD (LED),China,92,5,Computer Monitor,Low
1153,ACER,Z271,27.0 LCD (LED),China,134,3.5,Computer Monitor,Medium
1154,ACER,RT270,27.0 LCD (LED),China,79,6,Computer Monitor,Low
1155,ACER,XB270,27.0 LCD (LED),China,176,2.5,Computer Monitor,Medium
1156,ACER,XB280HK,28.0 LCD (LED),China,225,1.5,Computer Monitor,High
1158,MSI,Optix MPG27C,27.0 LCD (LED),China,115,4.5,Computer Monitor,Medium
1159,PHILIPS,276E9Q,27.0 LCD (LED),China,93,5,Computer Monitor,Low
1160,DELL,S2419Hc,24.0 LCD (LED),China,67,6,Computer Monitor,Low
1161,DELL,S2419Nc,24.0 LCD (LED),China,67,6,Computer Monitor,Low
1162,DELL,S2719Hc,27.0 LCD (LED),China,81,6,Computer Monitor,Low
1163,DELL,S2719Nc,27.0 LCD (LED),China,81,6,Computer Monitor,Low
1164,VIEWSONIC,VS17067,24.0 LCD,China,78,5,Computer Monitor,Low
1165,LG,24MK430,24.0 LCD,"Indonesia,South Korea,China",82,5,Computer Monitor,Low
1166,LG,27UK850,27.0 LCD,"Indonesia,South Korea,China",145,3,Computer Monitor,Medium
1167,LG,29WK500,29.0 LCD,"Indonesia,South Korea,China",84,5.5,Computer Monitor,Low
1168,LG,34WK500,34.0 LCD,"Indonesia,South Korea,China",122,5,Computer Monitor,Medium
1169,LG,34WK650,34.0 LCD,"South Korea,Indonesia,China",129,5,Computer Monitor,Medium
1170,LG,38WK95C,38.0 LCD (LED),"South Korea,Indonesia,China",216,3,Computer Monitor,High
1171,HP,E243d,24.0 LCD (LED),China,104,4,Computer Monitor,Medium
1172,PHILIPS,325C7Q,32.0 LCD,China,100,6,Computer Monitor,Medium
1173,LG,27UK600,27.0 LCD,"Indonesia,South Korea,China",134,3.5,Computer Monitor,Medium
1174,LG,29WK600,29.0 LCD,"Indonesia,South Korea,China",85,5.5,Computer Monitor,Low
1175,VIEWSONIC,VS17287,24.0 LCD (LED),China,71,5.5,Computer Monitor,Low
1176,FUJITSU,24-9T,24.0 LCD (LED),Germany,68,6,Computer Monitor,Low
1177,MSI,Optix G24C,24.0 LCD (LED),China,88,4.5,Computer Monitor,Low
1178,HP,27q,27.0 LCD (LED),China,108,4.5,Computer Monitor,Medium
1180,HP,27qb,27.0 LCD (LED),China,108,4.5,Computer Monitor,Medium
1182,PHILIPS,272B8Q,27.0 LCD (LED),China,106,4.5,Computer Monitor,Medium
1183,GOOGLE,2718EC,27.0 LCD,China,106,4.5,Computer Monitor,Medium
1184,GOOGLE,JN32A,32.0 LCD,China,185,3,Computer Monitor,Medium
1185,KOGAN,KALED35UW144FL*,35.0 LCD (LED),China,138,4.5,Computer Monitor,Medium
1186,KOGAN,KALED35UW144FLA,35.0 LCD (LED),China,138,4.5,Computer Monitor,Medium
1187,KOGAN,KALED35UW144FLB,35.0 LCD (LED),China,138,4.5,Computer Monitor,Medium
1188,KOGAN,KALED35UW144FLC,35.0 LCD (LED),China,138,4.5,Computer Monitor,Medium
1189,KOGAN,KALED35UW144FLD,35.0 LCD (LED),China,138,4.5,Computer Monitor,Medium
1190,KOGAN,KALED35UW144FLE,35.0 LCD (LED),China,138,4.5,Computer Monitor,Medium
1191,KOGAN,KALED35UWL*,35.0 LCD (LED),Germany,118,5.5,Computer Monitor,Medium
1192,KOGAN,KALED35UWLA,35.0 LCD (LED),Germany,118,5.5,Computer Monitor,Medium
1193,KOGAN,KALED35UWLB,35.0 LCD (LED),Germany,118,5.5,Computer Monitor,Medium
1194,KOGAN,KALED35UWLC,35.0 LCD (LED),Germany,118,5.5,Computer Monitor,Medium
1195,KOGAN,KALED35UWLD,35.0 LCD (LED),Germany,118,5.5,Computer Monitor,Medium
1196,KOGAN,KALED35UWLE,35.0 LCD (LED),Germany,118,5.5,Computer Monitor,Medium
1197,MSI,Optix MPG27CQ,27.0 LCD (LED),China,225,1.5,Computer Monitor,High
1198,MSI,Optix MPG27CQ2,27.0 LCD (LED),China,225,1.5,Computer Monitor,High
1201,PHILIPS,328E9F,32.0 LCD (LED),China,205,3,Computer Monitor,High
1202,HP,27y,27.0 LCD (LED),China,66,7,Computer Monitor,Low
1203,HP,27y  27-inch Display,27.0 LCD (LED),China,66,7,Computer Monitor,Low
1204,HP,27y Display,27.0 LCD (LED),China,66,7,Computer Monitor,Low
1207,HP,STND-9831-V,27.0 LCD (LED),China,66,7,Computer Monitor,Low
1209,SAMSUNG,LC49J890DKEXXY,49.0 LCD (LED),South Korea,226,3.5,Computer Monitor,High
1210,AOC,250LM00007,24.0 LCD,China,82,5,Computer Monitor,Low
1211,AOC,27B1,27.0 LCD,China,82,6,Computer Monitor,Low
1212,PHILIPS,271S8Q,27.0 LCD,China,92,5.5,Computer Monitor,Low
1213,PHILIPS,246E9Q,24.0 LCD,China,86,5,Computer Monitor,Low
1214,DELL,2419Hc,24.0 LCD (LED),China,75,5.5,Computer Monitor,Low
1216,BENQ,GW2280,22.0 LCD (LED),China,66,5.5,Computer Monitor,Low
1217,BENQ,GW2280-B,22.0 LCD (LED),China,66,5.5,Computer Monitor,Low
1218,BENQ,GW2280E,22.0 LCD (LED),China,66,5.5,Computer Monitor,Low
1219,DELL,2219,22.0 LCD (LED),China,71,5,Computer Monitor,Low
1220,DELL,2419,24.0 LCD (LED),China,75,5.5,Computer Monitor,Low
1221,MSI,Optix AG32C,32.0 LCD (LED),China,159,4,Computer Monitor,Medium
1222,MSI,Optix AG32CQ,32.0 LCD (LED),China,168,3.5,Computer Monitor,Medium
1224,HP,V214b,21.0 LCD (LED),China,57,6,Computer Monitor,Low
1227,MSI,Optix MAG27CQ,27.0 LCD (LED),China,134,3.5,Computer Monitor,Medium
1228,DELL,2319Ht,23.0 LCD,China,55,6,Computer Monitor,Low
1229,LENOVO,A18270FT0,27.0 LCD,China,80,6,Computer Monitor,Low
1230,PHILIPS,328B6Q,32.0 LCD,China,205,3,Computer Monitor,High
1232,HP,SD-0003-V,22.0 LCD (LED),China,49,6,Computer Monitor,Low
1234,LENOVO,D18225WS0,22.0 LCD,China,57,6,Computer Monitor,Low
1236,LENOVO,D18225WS1,22.0 LCD,China,57,6,Computer Monitor,Low
1238,LENOVO,D18225WT0,22.0 LCD,China,57,6,Computer Monitor,Low
1239,DELL,U2414Hb,24.0 LCD,China,63,6,Computer Monitor,Low
1240,HP,N223 Monitor,22.0 LCD (LED),China,49,6,Computer Monitor,Low
1241,HP,SD-0004-V,22.0 LCD (LED),China,49,6,Computer Monitor,Low
1242,HP,N223,22.0 LCD (LED),China,49,6,Computer Monitor,Low
1243,DELL,2219HC,22.0 LCD (LED),China,71,5,Computer Monitor,Low
1244,DELL,2419HC,24.0 LCD (LED),China,71,5.5,Computer Monitor,Low
1245,DELL,2719,27.0 LCD,China,54,7,Computer Monitor,Low
1246,DELL,2719Ht,27.0 LCD,China,54,7,Computer Monitor,Low
1249,PHILIPS,271B8Q,27.0 LCD,China,87,5.5,Computer Monitor,Low
1250,LENOVO,A18270FL0,27.0 LCD,China,85,5.5,Computer Monitor,Low
1251,LENOVO,A18270FS0,27.0 LCD,China,85,5.5,Computer Monitor,Low
1254,PHILIPS,221S8L,22.0 LCD,China,67,5.5,Computer Monitor,Low
1255,PHILIPS,278E9Q,27.0 LCD,China,144,3.5,Computer Monitor,Medium
1256,ASTIVITA,1503M,32.0 LCD (LED),China,141,4.5,Computer Monitor,Medium
1257,ASTIVITA,3201,32.0 LCD (LED),China,141,4.5,Computer Monitor,Medium
1258,ASTIVITA,3201D,32.0 LCD (LED),China,141,4.5,Computer Monitor,Medium
1261,ASTIVITA,320T,32.0 LCD (LED),China,141,4.5,Computer Monitor,Medium
1262,ASTIVITA,320F,32.0 LCD (LED),China,141,4.5,Computer Monitor,Medium
1263,ASTIVITA,320Q,32.0 LCD (LED),China,141,4.5,Computer Monitor,Medium
1264,ASTIVITA,MU320K10,32.0 LCD (LED),China,141,4.5,Computer Monitor,Medium
1265,ASTIVITA,MU320K12,32.0 LCD (LED),China,141,4.5,Computer Monitor,Medium
1266,ASTIVITA,MU320K15,32.0 LCD (LED),China,141,4.5,Computer Monitor,Medium
1268,ASTIVITA,1852,32.0 LCD (LED),China,141,4.5,Computer Monitor,Medium
1276,DELL,2319,23.0 LCD (LED),China,55,6,Computer Monitor,Low
1277,PHILIPS,226E9Q,22.0 LCD (LED),China,84,4.5,Computer Monitor,Low
1278,PHILIPS,243E9Q,24.0 LCD,China,93,4.5,Computer Monitor,Low
1279,LG,27UD59,27.0 LCD,"China,Indonesia,South Korea",108,4.5,Computer Monitor,Medium
1280,LG,24MK400,24.0 LCD,"South Korea,Indonesia,China",80,5,Computer Monitor,Low
1281,DELL,2719HC,27.0 LCD,Taiwan,60,7,Computer Monitor,Low
1282,SAMSUNG,LC34J791WTEXXY,34.0 LCD (LED),South Korea,237,2,Computer Monitor,High
1283,PHILIPS,220B4L,22.0 LCD (LED),China,74,5,Computer Monitor,Low
1284,PHILIPS,220S4L,22.0 LCD (LED),China,73,5,Computer Monitor,Low
1285,PHILIPS,241B4L,24.0 LCD (LED),China,106,4,Computer Monitor,Medium
1286,PHILIPS,246V5L,24.0 LCD (LED),China,92,4.5,Computer Monitor,Low
1287,AOC,24B1,24.0 LCD,China,88,4.5,Computer Monitor,Low
1288,HP,27xq,27.0 LCD (LED),China,157,3,Computer Monitor,Medium
1289,LENOVO,A18238FS0,24.0 LCD,China,71,5.5,Computer Monitor,Low
1290,LENOVO,A18215FS1,22.0 LCD,China,61,5.5,Computer Monitor,Low
1291,HP,25x,25.0 LCD (LED),China,90,5,Computer Monitor,Low
1292,HP,27x,27.0 LCD (LED),China,114,4.5,Computer Monitor,Medium
1293,LENOVO,A18215FL0,22.0 LCD,China,66,5.5,Computer Monitor,Low
1294,MSI,3EA21,24.0 LCD (LED),China,97,4,Computer Monitor,Low
1295,MSI,Optix MAG241C,24.0 LCD (LED),China,97,4,Computer Monitor,Low
1298,MSI,3FA61,27.0 LCD (LED),China,129,4,Computer Monitor,Medium
1299,MSI,Optix MAG271C,27.0 LCD (LED),China,129,4,Computer Monitor,Medium
1302,PHILIPS,328E9Q,32.0 LCD (LED),China,136,4.5,Computer Monitor,Medium
1303,VIEWSONIC,VS17495,16.0 LCD (LED),China,24,8,Computer Monitor,Low
1304,LENOVO,A18236***,24.0 LCD,Italy,75,5.5,Computer Monitor,Low
1305,LENOVO,A18236FD0,24.0 LCD,Italy,75,5.5,Computer Monitor,Low
1306,LENOVO,A18236FD1,24.0 LCD,Italy,75,5.5,Computer Monitor,Low
1307,LENOVO,A18238FL0,24.0 LCD,China,96,4.5,Computer Monitor,Low
1308,AOC,238LM00023,24.0 LCD,China,68,6,Computer Monitor,Low
1309,AOC,238LM00024,24.0 LCD,China,70,5.5,Computer Monitor,Low
1310,AOC,270LM00042,27.0 LCD,China,80,6,Computer Monitor,Low
1311,AOC,270LM00043,27.0 LCD,China,81,6,Computer Monitor,Low
1312,LG,22MK400,22.0 LCD,"South Korea,China,Indonesia",73,5,Computer Monitor,Low
1313,LG,24MK600M,24.0 LCD,"South Korea,Indonesia,China",57,6,Computer Monitor,Low
1314,LG,27MK600M,27.0 LCD,"South Korea,Indonesia,China",83,5.5,Computer Monitor,Low
1315,AOC,2.4e+02,24.0 LCD,China,66,6,Computer Monitor,Low
1316,AOC,24P1,24.0 LCD,China,78,5,Computer Monitor,Low
1317,AOC,Q27P1,27.0 LCD,China,110,4.5,Computer Monitor,Medium
1318,AOC,27P1,27.0 LCD,China,86,5.5,Computer Monitor,Low
1319,AOC,22B1,22.0 LCD,China,80,4.5,Computer Monitor,Low
1320,AOC,22P1,22.0 LCD,China,65,5.5,Computer Monitor,Low
1321,AOC,2.7e+02,27.0 LCD,Germany,99,5,Computer Monitor,Low
1322,LENOVO,D18215FD0,22.0 LCD,China,49,6,Computer Monitor,Low
1324,LENOVO,D18215FD1,22.0 LCD,China,49,6,Computer Monitor,Low
1326,HP,V220 (HSD-0014-W),22.0 LCD,China,64,5.5,Computer Monitor,Low
1327,AOC,22V2,22.0 LCD,China,62,6,Computer Monitor,Low
1328,AOC,27V2,27.0 LCD,China,81,6,Computer Monitor,Low
1329,AOC,24V2,24.0 LCD,China,67,6,Computer Monitor,Low
1330,KOGAN,KAMN24FLSA,24.0 LCD (LED),China,103,4,Computer Monitor,Medium
1332,DELL,U2419,24.0 LCD,China,46,7,Computer Monitor,Low
1334,DELL,U2419HX,24.0 LCD,China,46,7,Computer Monitor,Low
1335,DELL,U2419H WOST,24.0 LCD,China,46,7,Computer Monitor,Low
1338,DELL,U2419HC,24.0 LCD,China,52,7,Computer Monitor,Low
1339,DELL,S2419HGF,24.0 LCD (LED),China,109,4,Computer Monitor,Medium
1340,SAMSUNG,LC27JG50QQEXXY,27.0 LCD (LED),South Korea,162,2.5,Computer Monitor,Medium
1341,DELL,S2719DGF,27.0 LCD (LED),China,144,3.5,Computer Monitor,Medium
1342,SAMSUNG,LC32JG50QQEXXY,31.0 LCD (LED),South Korea,166,3.5,Computer Monitor,Medium
1343,SAMSUNG,LC32JG54QQEXXY,31.0 LCD (LED),South Korea,166,3.5,Computer Monitor,Medium
1344,SAMSUNG,LC32JGXXXX,31.0 LCD (LED),South Korea,166,3.5,Computer Monitor,Medium
1345,LG,34WK95U,34.0 LCD (LED),"South Korea,Indonesia,China",220,2.5,Computer Monitor,High
1346,BAAS & KUHN,MUDV5561Y-34580-SDI,55.0 LCD,China,377,4.5,Computer Monitor,High
1347,LG,32GK650F,32.0 LCD,"Indonesia,South Korea,China",141,4.5,Computer Monitor,Medium
1348,MSI,3FA65,27.0 LCD (LED),China,129,4,Computer Monitor,Medium
1349,MSI,Optix MAG271CR,27.0 LCD (LED),China,129,4,Computer Monitor,Medium
1350,MSI,Optix MAG271CR,27.0 LCD (LED),China,129,4,Computer Monitor,Medium
1352,MSI,3EA25,24.0 LCD (LED),China,97,4,Computer Monitor,Low
1353,MSI,Optix MAG241CR,24.0 LCD (LED),China,97,4,Computer Monitor,Low
1356,AOC,9e+01,19.0 LCD,China,39,7,Computer Monitor,Low
1357,AOC,2e+02,19.0 LCD,China,51,6,Computer Monitor,Low
1358,AOC,2.2e+02,22.0 LCD,China,57,6,Computer Monitor,Low
1359,AOC,24G1,24.0 LCD,China,78,5,Computer Monitor,Low
1360,AOC,27G1,27.0 LCD,China,107,4.5,Computer Monitor,Medium
1361,AFTERSHOCK,X340,34.0 LCD (LED),Australia,155,4,Computer Monitor,Medium
1362,BENQ,GL2460BE,24.0 LCD (LED),China,75,5.5,Computer Monitor,Low
1363,BENQ,GL2460B,24.0 LCD (LED),China,75,5.5,Computer Monitor,Low
1366,AFTERSHOCK,X315 PRO,32.0 LCD (LED),Australia,143,4.5,Computer Monitor,Medium
1367,AFTERSHOCK,X240,24.0 LCD (LED),Australia,99,4,Computer Monitor,Low
1368,SAMSUNG,LC43J890DKEXXY,43.0 LCD (LED),South Korea,211,3.5,Computer Monitor,High
1369,BAAS & KUHN,MHDV4040Y-0V560-SDI,40.0 LCD,China,193,4.5,Computer Monitor,Medium
1371,ASUS,B247***,24.0 LCD (LED),China,50,7,Computer Monitor,Low
1372,ASUS,B247Q,24.0 LCD (LED),China,50,7,Computer Monitor,Low
1373,ASUS,B247Q-,24.0 LCD (LED),China,50,7,Computer Monitor,Low
1374,ASUS,B247QR,24.0 LCD (LED),China,50,7,Computer Monitor,Low
1375,ASUS,VA326***,32.0 LCD (LED),China,164,4,Computer Monitor,Medium
1376,ASUS,VA326,32.0 LCD (LED),China,164,4,Computer Monitor,Medium
1377,ASUS,VA326H-J,32.0 LCD (LED),China,164,4,Computer Monitor,Medium
1378,ASUS,VA326N,32.0 LCD (LED),China,164,4,Computer Monitor,Medium
1379,ASUS,G258***,24.0 LCD (LED),China,102,4,Computer Monitor,Medium
1380,ASUS,G258Q,24.0 LCD (LED),China,102,4,Computer Monitor,Medium
1381,ASUS,G258Q-J,24.0 LCD (LED),China,102,4,Computer Monitor,Medium
1382,ASUS,G258QR,24.0 LCD (LED),China,102,4,Computer Monitor,Medium
1383,LG,34GK950G,34.0 LCD,"South Korea,Indonesia,China",280,1.5,Computer Monitor,High
1384,ASUS,VN279***,27.0 LCD (LED),China,114,4.5,Computer Monitor,Medium
1385,ASUS,VN279Q,27.0 LCD (LED),China,114,4.5,Computer Monitor,Medium
1386,ASUS,VN279Q-J,27.0 LCD (LED),China,114,4.5,Computer Monitor,Medium
1387,ASUS,VN279QL,27.0 LCD (LED),China,114,4.5,Computer Monitor,Medium
1388,ASUS,VN279Q-,27.0 LCD (LED),China,114,4.5,Computer Monitor,Medium
1389,ASUS,VN279Q-W,27.0 LCD (LED),China,114,4.5,Computer Monitor,Medium
1390,ASUS,VG245***,24.0 LCD (LED),China,78,5.5,Computer Monitor,Low
1391,ASUS,VG245,24.0 LCD (LED),China,78,5.5,Computer Monitor,Low
1392,ASUS,VG245HE,24.0 LCD (LED),China,78,5.5,Computer Monitor,Low
1393,ASUS,VG245H-,24.0 LCD (LED),China,78,5.5,Computer Monitor,Low
1394,ASUS,VG245Q,24.0 LCD (LED),China,78,5.5,Computer Monitor,Low
1395,ASUS,VG245QE,24.0 LCD (LED),China,78,5.5,Computer Monitor,Low
1396,ASUS,VG245Q-,24.0 LCD (LED),China,78,5.5,Computer Monitor,Low
1397,KOGAN,KAMN341FQUL*,34.0 LCD (LED),China,155,4,Computer Monitor,Medium
1398,KOGAN,KAMN341FQULA,34.0 LCD (LED),China,155,4,Computer Monitor,Medium
1399,KOGAN,KAMN341FQULB,34.0 LCD (LED),China,155,4,Computer Monitor,Medium
1400,KOGAN,KAMN341FQULC,34.0 LCD (LED),China,155,4,Computer Monitor,Medium
1401,KOGAN,KAMN341FQULD,34.0 LCD (LED),China,155,4,Computer Monitor,Medium
1402,LENOVO,LT1913pA,19.0 LCD (LED),China,64,5,Computer Monitor,Low
1403,LENOVO,LT3053pwA,30.0 LCD (LED),China,227,2,Computer Monitor,High
1404,HP,STND-3481-A,20.0 LCD (LED),China,76,4.5,Computer Monitor,Low
1405,HP,LV2011,20.0 LCD (LED),China,76,4.5,Computer Monitor,Low
1408,HP,STND-3491-A,20.0 LCD (LED),China,78,4,Computer Monitor,Low
1409,HP,W2072a,20.0 LCD (LED),China,78,4,Computer Monitor,Low
1412,AOC,195LM00003,20.0 LCD (LED),China,66,5,Computer Monitor,Low
1414,DELL,SE2419,24.0 LCD,China,57,6,Computer Monitor,Low
1416,DELL,SE2419HX,24.0 LCD,China,57,6,Computer Monitor,Low
1418,DELL,SE2719,27.0 LCD,China,67,6,Computer Monitor,Low
1420,DELL,SE2719HX,27.0 LCD,China,67,6,Computer Monitor,Low
1422,POLAROID,L3518MC,35.0 LCD (LED),China,118,5.5,Computer Monitor,Medium
1423,HP,N220h,22.0 LCD (LED),China,67,5.5,Computer Monitor,Low
1424,SAMSUNG,LC32JG51FDEXXY,31.0 LCD (LED),South Korea,111,5.5,Computer Monitor,Medium
1425,SAMSUNG,LS34J550WQEXXY,34.0 LCD (LED),South Korea,129,5,Computer Monitor,Medium
1426,ASUS,XG27V***,27.0 LCD (LED),China,124,4,Computer Monitor,Medium
1427,ASUS,XG27VQ,27.0 LCD (LED),China,124,4,Computer Monitor,Medium
1428,ASUS,XG27VQE,27.0 LCD (LED),China,124,4,Computer Monitor,Medium
1429,ASUS,XG27VQ-J,27.0 LCD (LED),China,124,4,Computer Monitor,Medium
1430,PHILIPS,226V4L,22.0 LCD (LED),China,105,3.5,Computer Monitor,Medium
1431,PHILIPS,223V5L,22.0 LCD (LED),China,94,4,Computer Monitor,Low
1433,AOC,190LM00014,19.0 LCD (LED),China,70,5,Computer Monitor,Low
1438,PHILIPS,200V4L,20.0 LCD (LED),China,85,3.5,Computer Monitor,Low
1444,KOGAN,J3218W01,32.0 LCD (LED),China,139,4.5,Computer Monitor,Medium
1445,KOGAN,KAMN32UHDMA,32.0 LCD (LED),China,139,4.5,Computer Monitor,Medium
1446,KOGAN,KAMN32UHDMB,32.0 LCD (LED),China,139,4.5,Computer Monitor,Medium
1447,KOGAN,KAMN32UHDMC,32.0 LCD (LED),China,139,4.5,Computer Monitor,Medium
1448,HP,STND-3451-A,10.0 LCD (LED),China,32,5.5,Computer Monitor,Low
1449,HP,L6010,10.0 LCD (LED),China,32,5.5,Computer Monitor,Low
1452,HP,STND-3441-A,15.0 LCD (LED),China,60,4,Computer Monitor,Low
1453,HP,L6015tm,15.0 LCD (LED),China,60,4,Computer Monitor,Low
1458,KOGAN,KAMN49F14UHL*,49.0 LCD (LED),China,223,4,Computer Monitor,High
1459,KOGAN,KAMN49F14UHLA,49.0 LCD (LED),China,223,4,Computer Monitor,High
1460,KOGAN,KAMN49F14UHLB,49.0 LCD (LED),China,223,4,Computer Monitor,High
1461,KOGAN,KAMN49F14UHLC,49.0 LCD (LED),China,223,4,Computer Monitor,High
1462,KOGAN,KAMN49F14UHLD,49.0 LCD (LED),China,223,4,Computer Monitor,High
1463,DELL,SE2219,22.0 LCD,China,55,6,Computer Monitor,Low
1465,DELL,SE2219HX,22.0 LCD,China,55,6,Computer Monitor,Low
1468,BENQ,XL2411,24.0 LCD (LED),China,133,3,Computer Monitor,Medium
1469,BENQ,RL2455,24.0 LCD (LED),China,99,4,Computer Monitor,Low
1470,BENQ,RL2455HM,24.0 LCD (LED),China,99,4,Computer Monitor,Low
1471,BENQ,RL2455HME,24.0 LCD (LED),China,99,4,Computer Monitor,Low
1472,BENQ,RL2455S,24.0 LCD (LED),China,99,4,Computer Monitor,Low
1473,BENQ,RL2455T,24.0 LCD (LED),China,99,4,Computer Monitor,Low
1474,BENQ,RL2455TS,24.0 LCD (LED),China,99,4,Computer Monitor,Low
1475,BENQ,BL2410,24.0 LCD (LED),China,95,4.5,Computer Monitor,Low
1476,BENQ,BL2410PE,24.0 LCD (LED),China,95,4.5,Computer Monitor,Low
1477,BENQ,BL2410,24.0 LCD (LED),China,95,4.5,Computer Monitor,Low
1478,BENQ,BL2410PT,24.0 LCD (LED),China,95,4.5,Computer Monitor,Low
1479,BENQ,GW2760HS,27.0 LCD (LED),China,144,3.5,Computer Monitor,Medium
1480,BENQ,GW2760S,27.0 LCD (LED),China,144,3.5,Computer Monitor,Medium
1481,BENQ,GW2760SE,27.0 LCD (LED),China,144,3.5,Computer Monitor,Medium
1482,LENOVO,A18270FL1,27.0 LCD,China,90,5.5,Computer Monitor,Low
1483,GAEMS,Vanguard,18.0 LCD,China,48,6,Computer Monitor,Low
1484,BENQ,XL2720,27.0 LCD (LED),China,126,4,Computer Monitor,Medium
1485,LENOVO,C18238FT0,24.0 LCD,China,52,7,Computer Monitor,Low
1486,HP,avilion 27 FHD,27.0 LCD,China,71,6,Computer Monitor,Low
1487,HP,27m,27.0 LCD (LED),China,69,6,Computer Monitor,Low
1488,HP,27m,27.0 LCD (LED),China,69,6,Computer Monitor,Low
1489,HP,27m 27-inch Display,27.0 LCD (LED),China,69,6,Computer Monitor,Low
1490,HP,27m Display,27.0 LCD (LED),China,69,6,Computer Monitor,Low
1491,HP,SD-0009-V,27.0 LCD (LED),China,69,6,Computer Monitor,Low
1492,LG,27UD59,27.0 LCD,"South Korea,Indonesia,China",108,4.5,Computer Monitor,Medium
1493,NEC,EX241UN,24.0 LCD (LED),China,64,6,Computer Monitor,Low
1494,NEC,EX241UN-BK,24.0 LCD (LED),China,64,6,Computer Monitor,Low
1495,NEC,EX241UN-H-BK,24.0 LCD (LED),China,64,6,Computer Monitor,Low
1500,HP,E190i(HSTND-3891-W),19.0 LCD,China,61,5.5,Computer Monitor,Low
1501,HP,222c(HSTND-8031-W),22.0 LCD (LED),China,69,5,Computer Monitor,Low
1502,AOC,C32V1,31.0 LCD,China,162,4,Computer Monitor,Medium
1503,PHILIPS,276E8V,27.0 LCD,China,144,3.5,Computer Monitor,Medium
1504,HP,24m,24.0 LCD (LED),China,59,6,Computer Monitor,Low
1505,HP,24m,24.0 LCD (LED),China,59,6,Computer Monitor,Low
1506,HP,24m 23.8-inch Display,24.0 LCD (LED),China,59,6,Computer Monitor,Low
1507,HP,24m Display,24.0 LCD (LED),China,59,6,Computer Monitor,Low
1508,HP,SD-0008-V,24.0 LCD (LED),China,59,6,Computer Monitor,Low
1509,DELL,S2240Tb,22.0 LCD (LED),China,67,5.5,Computer Monitor,Low
1510,VIEWSONIC,VS17210,27.0 LCD (LED),China,99,5,Computer Monitor,Low
1511,LENOVO,C18238FT1,24.0 LCD,China,53,7,Computer Monitor,Low
1512,PHILIPS,200S4L,20.0 LCD (LED),China,82,4,Computer Monitor,Low
1513,AOC,200LM00010,20.0 LCD (LED),China,81,4,Computer Monitor,Low
1514,AOC,195LM00002,21.0 LCD (LED),China,72,4.5,Computer Monitor,Low
1515,AOC,215LM00019,22.0 LCD (LED),China,101,3.5,Computer Monitor,Medium
1516,ASUS,VA249***,24.0 LCD (LED),China,95,4.5,Computer Monitor,Low
1517,ASUS,VA249HE,24.0 LCD (LED),China,95,4.5,Computer Monitor,Low
1518,ASUS,VA249HE-J,24.0 LCD (LED),China,95,4.5,Computer Monitor,Low
1519,ASUS,VA249NA,24.0 LCD (LED),China,95,4.5,Computer Monitor,Low
1520,ASUS,VA249NA-J,24.0 LCD (LED),China,95,4.5,Computer Monitor,Low
1521,LG,27UK650,27.0 LCD,"Indonesia,South Korea,China",135,3.5,Computer Monitor,Medium
1522,VIEWSONIC,VS14833,22.0 LCD (LED),China,68,5,Computer Monitor,Low
1523,KOGAN,KAMN30UWL*,30.0 LCD (LED),China,105,4.5,Computer Monitor,Medium
1524,KOGAN,KAMN30UWLA,30.0 LCD (LED),China,105,4.5,Computer Monitor,Medium
1525,KOGAN,KAMN30UWLB,30.0 LCD (LED),China,105,4.5,Computer Monitor,Medium
1526,KOGAN,KAMN30UWLC,30.0 LCD (LED),China,105,4.5,Computer Monitor,Medium
1527,KOGAN,KAMN30UWLD,30.0 LCD (LED),China,105,4.5,Computer Monitor,Medium
1528,HP,22m,22.0 LCD (LED),China,51,6,Computer Monitor,Low
1529,HP,22m,22.0 LCD (LED),China,51,6,Computer Monitor,Low
1530,HP,22m 21.5-inch Display,22.0 LCD (LED),China,51,6,Computer Monitor,Low
1531,HP,22m Display,22.0 LCD (LED),China,51,6,Computer Monitor,Low
1532,HP,SD-0007-V,22.0 LCD (LED),China,51,6,Computer Monitor,Low
1533,PHILIPS,221B8L,22.0 LCD (LED),China,74,5,Computer Monitor,Low
1534,PHILIPS,2.21e+11,22.0 LCD,China,60,6,Computer Monitor,Low
1535,PHILIPS,2.71e+11,27.0 LCD,China,75,6,Computer Monitor,Low
1536,PHILIPS,2.41e+11,24.0 LCD,China,66,6,Computer Monitor,Low
1537,LG,32UK550,32.0 LCD,"China,South Korea,Indonesia",156,4,Computer Monitor,Medium
1538,LG,27MK430,27.0 LCD,"South Korea,Indonesia,China",86,5.5,Computer Monitor,Low
1539,BENQ,GW2283,22.0 LCD (LED),China,73,5,Computer Monitor,Low
1540,BENQ,GW2283E,22.0 LCD (LED),China,73,5,Computer Monitor,Low
1543,KOGAN,KAMN27CQ1L*,27.0 LCD (LED),China,101,5,Computer Monitor,Medium
1544,KOGAN,KAMN27CQ1LA,27.0 LCD (LED),China,101,5,Computer Monitor,Medium
1545,KOGAN,KAMN27CQ1LB,27.0 LCD (LED),China,101,5,Computer Monitor,Medium
1546,KOGAN,KAMN27CQ1LC,27.0 LCD (LED),China,101,5,Computer Monitor,Medium
1547,KOGAN,KAMN27CQ1LD,27.0 LCD (LED),China,101,5,Computer Monitor,Medium
1548,FUJITSU,DY19-7,19.0 LCD,China,56,5.5,Computer Monitor,Low
1549,FUJITSU,B22W-7,22.0 LCD,China,62,6,Computer Monitor,Low
1550,SAMSUNG,LC34H892WJEXXY,34.0 LCD (LED),South Korea,207,2.5,Computer Monitor,High
1551,SAMSUNG,LS24E45KDSC/XY,24.0 LCD (LED),South Korea,100,4,Computer Monitor,Medium
1552,MSI,3KA3,32.0 LCD (LED),Taiwan,202,3,Computer Monitor,High
1553,JVL,E315Z15-F,32.0 LCD,China,138,4.5,Computer Monitor,Medium
1554,JVL,JVL032MOF001BLK,32.0 LCD,China,138,4.5,Computer Monitor,Medium
1555,VIEWSONIC,VS17395,24.0 LCD,China,93,4.5,Computer Monitor,Low
1556,MSI,3FA75,27.0 LCD (LED),China,200,2,Computer Monitor,Medium
1557,MSI,Optix MAG271CQR,27.0 LCD (LED),China,200,2,Computer Monitor,Medium
1560,AOC,185LM00019,19.0 LCD (LED),China,59,5,Computer Monitor,Low
1561,PHILIPS,17S4L,17.0 LCD (LED),China,64,4.5,Computer Monitor,Low
1565,LG,32BK50Q,32.0 LCD (LED),China,95,6,Computer Monitor,Low
1566,LG,32QK500,32.0 LCD (LED),China,95,6,Computer Monitor,Low
1567,NEC,AS193i,19.0 LCD,China,63,5,Computer Monitor,Low
1568,NEC,EA193Mi,19.0 LCD (LED),China,61,5.5,Computer Monitor,Low
1569,NEC,EA234WMi,23.0 LCD (LED),China,82,5,Computer Monitor,Low
1570,DELL,E1715Sc,17.0 LCD (LED),China,49,6,Computer Monitor,Low
1571,HP,STND-4001-L,23.0 LCD (LED),China,93,4,Computer Monitor,Low
1572,HP,S231d,23.0 LCD (LED),China,93,4,Computer Monitor,Low
1575,VIEWSONIC,VS17427,22.0 LCD (LED),China,75,5,Computer Monitor,Low
1576,VIEWSONIC,VS16495,25.0 LCD,China,95,4.5,Computer Monitor,Low
1577,AOC,32G1,31.0 LCD,China,129,5,Computer Monitor,Medium
1578,PHILIPS,241B8Q,24.0 LCD,China,89,4.5,Computer Monitor,Low
1579,AOC,273QCG,27.0 LCD,China,175,2.5,Computer Monitor,Medium
1580,AOC,273QCX,27.0 LCD,China,144,3.5,Computer Monitor,Medium
1581,AOC,385LM00002,39.0 LCD,China,184,4.5,Computer Monitor,Medium
1582,HP,24fw Display with Audio,24.0 LCD (LED),China,75,5.5,Computer Monitor,Low
1583,GIGABYTE,AORUS AD27QD,27.0 LCD (LED),China,142,3.5,Computer Monitor,Medium
1584,HP,E243p,24.0 LCD (LED),China,70,5.5,Computer Monitor,Low
1585,LG,24GL600F,24.0 LCD,"South Korea,Indonesia,China",95,4.5,Computer Monitor,Low
1586,VIEWSONIC,VS17631,32.0 LCD (LED),China,145,4.5,Computer Monitor,Medium
1587,ACER,UM.QV0SA.002,24.0 LCD (LED),China,85,5,Computer Monitor,Low
1588,ACER,UM.QV0SA.004,24.0 LCD (LED),China,85,5,Computer Monitor,Low
1589,ACER,VG240Y,24.0 LCD (LED),China,85,5,Computer Monitor,Low
1590,ACER,KA241,24.0 LCD (LED),China,94,4.5,Computer Monitor,Low
1591,ACER,ED322Q,32.0 LCD (LED),China,168,3.5,Computer Monitor,Medium
1592,ACER,SA240Y,26.0 LCD (LED),China,80,5,Computer Monitor,Low
1593,ACER,SA270,27.0 LCD (LED),China,99,5,Computer Monitor,Low
1594,LENOVO,A18236FD2,24.0 LCD,China,112,3.5,Computer Monitor,Medium
1595,KOGAN,KAMN27LSA,27.0 LCD,China,75,6,Computer Monitor,Low
1596,HP,27fw Display with Audio,27.0 LCD (LED),China,76,6,Computer Monitor,Low
1597,LG,27UL600,27.0 LCD (LED),"Indonesia,South Korea,China",114,4.5,Computer Monitor,Medium
1598,LG,27UL850,27.0 LCD (LED),"Indonesia,South Korea,China",135,3.5,Computer Monitor,Medium
1599,ACER,V247Y,24.0 LCD (LED),China,86,5,Computer Monitor,Low
1600,ACER,V277,27.0 LCD (LED),China,62,7,Computer Monitor,Low
1601,ACER,ET221Q,22.0 LCD (LED),China,81,4.5,Computer Monitor,Low
1602,ACER,ET241Y,24.0 LCD (LED),China,91,4.5,Computer Monitor,Low
1603,ACER,ET271,27.0 LCD (LED),China,96,5,Computer Monitor,Low
1604,ACER,UT241Y,24.0 LCD (LED),China,87,4.5,Computer Monitor,Low
1605,ACER,XZ321Q,32.0 LCD (LED),China,164,4,Computer Monitor,Medium
1606,ACER,B247Y,24.0 LCD (LED),China,86,5,Computer Monitor,Low
1607,PHILIPS,278M6Q,27.0 LCD,China,143,3.5,Computer Monitor,Medium
1608,BENQ,BL2405HT,24.0 LCD (LED),China,93,4.5,Computer Monitor,Low
1609,BENQ,GL2450HT,24.0 LCD (LED),China,93,4.5,Computer Monitor,Low
1610,BENQ,GL2460,24.0 LCD (LED),China,101,4,Computer Monitor,Medium
1611,BENQ,GL2460HM,24.0 LCD (LED),China,101,4,Computer Monitor,Medium
1612,PHILIPS,499P9,49.0 LCD,China,313,2.5,Computer Monitor,High
1613,BENQ,GW2750HM,27.0 LCD (LED),China,122,4,Computer Monitor,Medium
1614,BENQ,XL2420TE,24.0 LCD (LED),China,126,3,Computer Monitor,Medium
1615,BENQ,XL2420Z,24.0 LCD (LED),China,126,3,Computer Monitor,Medium
1616,BENQ,XL2420ZE,24.0 LCD (LED),China,126,3,Computer Monitor,Medium
1620,HP,241v Monitor,24.0 LCD (LED),China,59,6,Computer Monitor,Low
1623,HP,241v,24.0 LCD (LED),China,59,6,Computer Monitor,Low
1624,TITAN ARMY,C34SW,34.0 LCD (LED),China,155,4,Computer Monitor,Medium
1625,SAMSUNG,LU32R59,31.0 LCD (LED),South Korea,177,3.5,Computer Monitor,Medium
1626,SAMSUNG,LU32R590CWEXXY,31.0 LCD (LED),South Korea,177,3.5,Computer Monitor,Medium
1627,SAMSUNG,LU32R592CWEXXY,31.0 LCD (LED),South Korea,177,3.5,Computer Monitor,Medium
1628,HP,244 (HSD-0025-W),24.0 LCD,China,56,6,Computer Monitor,Low
1629,HP,224,22.0 LCD (LED),China,57,6,Computer Monitor,Low
1630,PHILIPS,243S5L,24.0 LCD (LED),China,82,5,Computer Monitor,Low
1631,HP,174,17.0 LCD,China,34,7,Computer Monitor,Low
1632,VIEWSONIC,VS17557,24.0 LCD (LED),China,84,5,Computer Monitor,Low
1633,HP,204v,19.0 LCD,China,47,6,Computer Monitor,Low
1634,HP,204,19.0 LCD,China,39,7,Computer Monitor,Low
1635,KOGAN,KALED27MONQP*,27.0 LCD (LED),China,119,4,Computer Monitor,Medium
1636,KOGAN,KALED27MONQPB,27.0 LCD (LED),China,119,4,Computer Monitor,Medium
1637,KOGAN,KALED27MONQPC,27.0 LCD (LED),China,119,4,Computer Monitor,Medium
1638,ACER,VG271,27.0 LCD (LED),China,109,4.5,Computer Monitor,Medium
1639,ACER,VG271U,27.0 LCD (LED),China,160,3,Computer Monitor,Medium
1640,KOGAN,KAMN24F1CL*,24.0 LCD (LED),Australia,103,4,Computer Monitor,Medium
1641,KOGAN,KAMN24F1CLA,24.0 LCD (LED),Australia,103,4,Computer Monitor,Medium
1642,KOGAN,KAMN24F1CLB,24.0 LCD (LED),Australia,103,4,Computer Monitor,Medium
1643,KOGAN,KAMN24F1CLC,24.0 LCD (LED),Australia,103,4,Computer Monitor,Medium
1644,KOGAN,KAMN24F1CLD,24.0 LCD (LED),Australia,103,4,Computer Monitor,Medium
1645,SAMSUNG,LC24RG50FQEXXY,24.0 LCD (LED),China,122,3,Computer Monitor,Medium
1646,AOC,270LM00031,27.0 LCD,China,184,2,Computer Monitor,Medium
1651,HP,E223d,22.0 LCD (LED),China,75,5,Computer Monitor,Low
1652,LG,19MB35PE,19.0 LCD (LED),"Indonesia,South Korea,China",60,5.5,Computer Monitor,Low
1653,LG,32ML600M,32.0 LCD (LED),"Indonesia,South Korea,China",116,5.5,Computer Monitor,Medium
1654,ACER,UM.CX0SA.A01,34.0 LCD (LED),China,257,1.5,Computer Monitor,High
1655,ACER,UM.CX0SA.P01,34.0 LCD (LED),China,257,1.5,Computer Monitor,High
1656,ACER,UM.CX0SA.P02,34.0 LCD (LED),China,257,1.5,Computer Monitor,High
1657,ACER,UM.CX1SA.002,34.0 LCD (LED),China,257,1.5,Computer Monitor,High
1658,ACER,UM.CX1SG.002,34.0 LCD (LED),China,257,1.5,Computer Monitor,High
1659,ACER,X34,34.0 LCD (LED),China,257,1.5,Computer Monitor,High
1660,PHILIPS,252B9,25.0 LCD,China,96,5,Computer Monitor,Low
1661,KONKA,KD27810GC,27.0 LCD (LED),China,107,4.5,Computer Monitor,Medium
1662,HP,OMEN X 25,24.0 LCD (LED),China,98,4.5,Computer Monitor,Low
1663,HP,OMEN X 25f,24.0 LCD (LED),China,83,5,Computer Monitor,Low
1664,KONKA,KD32908GC,32.0 LCD (LED),China,182,3.5,Computer Monitor,Medium
1665,ACER,EI491CR,49.0 LCD (LED),China,223,4,Computer Monitor,High
1666,ACER,UM.SE1SA.P01,49.0 LCD (LED),China,223,4,Computer Monitor,High
1667,PHILIPS,288P6L,28.0 LCD (LED),China,244,1,Computer Monitor,High
1668,AOC,G2868,28.0 LCD,China,150,3.5,Computer Monitor,Medium
1669,VIEWSONIC,VS15826,17.0 LCD (LED),China,46,6,Computer Monitor,Low
1670,MSI,3EA36,24.0 LCD (LED),China,110,4,Computer Monitor,Medium
1671,MSI,Oculux NXG252R,24.0 LCD (LED),China,110,4,Computer Monitor,Medium
1674,SAMSUNG,LC49RG90SSEXXY,49.0 LCD (LED),South Korea,368,1.5,Computer Monitor,High
1675,PHILIPS,271E1C,27.0 LCD,China,112,4.5,Computer Monitor,Medium
1677,PHILIPS,271E1SC,27.0 LCD,China,112,4.5,Computer Monitor,Medium
1679,PHILIPS,170S9,17.0 LCD,China,49,6,Computer Monitor,Low
1680,LG,24ML600M,24.0 LCD (LED),"Indonesia,South Korea,China",57,6,Computer Monitor,Low
1681,MSI,3DA2,31.0 LCD (LED),Taiwan,219,2.5,Computer Monitor,High
1682,LG,27ML600M,27.0 LCD (LED),"Indonesia,South Korea,China",71,6,Computer Monitor,Low
1683,LG,27UL500,27.0 LCD (LED),"Indonesia,South Korea,China",129,4,Computer Monitor,Medium
1684,HP,E273d,27.0 LCD (LED),China,103,5,Computer Monitor,Medium
1685,BENQ,XL2430,24.0 LCD (LED),China,118,3.5,Computer Monitor,Medium
1686,ACER,XV272U,27.0 LCD (LED),China,150,3.5,Computer Monitor,Medium
1687,SAMSUNG,LC27R500FHEXXY,27.0 LCD (LED),China,126,4,Computer Monitor,Medium
1688,VIEWSONIC,VS17484,24.0 LCD (LED),China,95,4.5,Computer Monitor,Low
1689,LG,27UL650,27.0 LCD (LED),"Indonesia,South Korea,China",114,4.5,Computer Monitor,Medium
1690,ACER,CB271HU,27.0 LCD (LED),China,146,3,Computer Monitor,Medium
1692,ACER,XV273K,27.0 LCD (LED),China,207,1.5,Computer Monitor,High
1693,HP,27f 4k Display,27.0 LCD (LED),China,115,4.5,Computer Monitor,Medium
1694,HP,34f Curved Display,34.0 LCD (LED),China,174,3.5,Computer Monitor,Medium
1695,ACER,KG271UA,27.0 LCD (LED),China,122,4,Computer Monitor,Medium
1696,ACER,ED322QR,32.0 LCD (LED),China,136,4.5,Computer Monitor,Medium
1697,LG,24MD4KL,24.0 LCD (LED),"South Korea,Indonesia,China",150,2.5,Computer Monitor,Medium
1698,PHILIPS,322M7C,32.0 LCD,China,121,5,Computer Monitor,Medium
1699,BENQ,VZ2350,23.0 LCD (LED),China,76,5,Computer Monitor,Low
1700,BENQ,VZ2350HM,23.0 LCD (LED),China,76,5,Computer Monitor,Low